,ID,Lat,Lon,Target,Country,B1,B2,B3,B4,B5,B7,B8,B8A,B12
0,ID_SJ098E7S2SY9,34.16249093,70.76366828,0,Afghanistan,881.0,1236.0,1721.8333333333333,2106.8333333333335,2452.6666666666665,2696.0,2643.5,2798.5,3391.3333333333335
7,ID_I5DS1NLN2WM8,34.25143465,70.35956155,1,Afghanistan,5171.916666666667,5129.333333333333,4729.166666666667,4457.833333333333,4732.416666666667,5095.166666666667,5083.416666666667,4927.666666666667,3136.0833333333335
9,ID_JBRO8Z453K1J,34.26577617,70.34610331,1,Afghanistan,2048.5833333333335,2094.25,2384.5,2521.0833333333335,2892.8333333333335,3078.0833333333335,3010.8333333333335,3066.5833333333335,2669.5833333333335
12,ID_GYHRWRLEY9W3,34.2926256,70.34585617,0,Afghanistan,2347.75,2354.1666666666665,2694.5,2987.3333333333335,3211.6666666666665,3347.0,3302.0,3337.0833333333335,3496.3333333333335
13,ID_LLW4ZVLCTH7Y,34.30324556,70.3669421,0,Afghanistan,2775.5,2727.5833333333335,2990.25,3086.6666666666665,3329.25,3308.8333333333335,3191.6666666666665,3234.0,3071.4166666666665
16,ID_OVT4MUGA4Z22,34.11910992,70.75303683,0,Afghanistan,1142.6666666666667,1771.0,2439.0,2956.0,3091.5,3273.0,3381.3333333333335,3325.6666666666665,3680.6666666666665
17,ID_Z8Q7G6Y40XAW,34.08759212,70.69004889,1,Afghanistan,2995.6666666666665,3216.5,3107.3333333333335,3040.0,3544.5,4355.0,4269.666666666667,4317.666666666667,2316.1666666666665
20,ID_TMPFO6LITM9U,34.290535,70.42178679,1,Afghanistan,1580.9166666666667,2184.25,2647.3333333333335,2839.3333333333335,3031.5833333333335,3234.9166666666665,3219.9166666666665,3214.4166666666665,3317.0
23,ID_A14I5NDAO8F7,34.29785995,70.37267792,0,Afghanistan,1837.3333333333333,1553.9166666666667,1781.0,1764.75,1968.0833333333333,3464.8333333333335,3349.3333333333335,3527.75,1812.25
24,ID_Z79AVIRGE3E1,34.06032782,70.67200584,0,Afghanistan,3995.6666666666665,3663.6666666666665,3672.0,3636.1666666666665,4162.0,4366.0,4305.666666666667,4336.166666666667,2926.3333333333335
26,ID_XJAAMVGW5WRD,34.29816388,70.3838412,1,Afghanistan,1013.9166666666666,1208.5,1411.25,1312.6666666666667,1772.6666666666667,3815.4166666666665,3942.1666666666665,3909.3333333333335,1592.3333333333333
27,ID_QPA2ZDG5PY1Q,34.28828518,70.34004569,0,Afghanistan,2515.25,2857.0,2871.3333333333335,3160.0833333333335,3536.1666666666665,3680.6666666666665,3593.4166666666665,3653.0833333333335,3547.75
28,ID_6D13XY27TWND,34.05544997,70.66789003,0,Afghanistan,3331.8333333333335,2940.0,3040.3333333333335,3013.6666666666665,3556.8333333333335,4353.5,4262.166666666667,4381.833333333333,2707.8333333333335
31,ID_225U8617WSMV,34.28343731,70.41526401,1,Afghanistan,1620.1666666666667,2041.6666666666667,2469.5833333333335,2684.3333333333335,2908.9166666666665,3144.75,3159.0833333333335,3157.5,3281.25
35,ID_3I9MVT5RFLMD,34.26070679,70.32226743,0,Afghanistan,3504.8333333333335,3288.8333333333335,3356.3333333333335,3308.5,3428.25,3454.5833333333335,3550.25,3444.4166666666665,3138.3333333333335
40,ID_ZS04D4TH0VOK,34.29350273,70.39832917,1,Afghanistan,1292.5,1546.25,1866.8333333333333,2043.4166666666667,2218.5,3004.6666666666665,3179.3333333333335,3114.25,2351.5833333333335
49,ID_VEJVIZMW7UKA,34.09326866,70.66235889,1,Afghanistan,1644.8333333333333,1584.0,1769.8333333333333,1602.0,1839.5,4055.5,4246.5,4128.0,1478.1666666666667
52,ID_0SF4RCN504DQ,34.24440986,70.31629921,0,Afghanistan,3736.1666666666665,3098.3333333333335,2978.3333333333335,3017.6666666666665,3268.6666666666665,3712.8333333333335,3469.0,3680.5,2804.0
53,ID_453BYQRUDLDH,34.25022234,70.33514029,1,Afghanistan,2429.9166666666665,3215.25,2901.8333333333335,2318.4166666666665,2876.3333333333335,5266.416666666667,6064.25,5196.25,1678.6666666666667
54,ID_5TSI3J199GYJ,34.26373295,70.34816968,1,Afghanistan,1643.6666666666667,1762.5833333333333,1874.0833333333333,1631.4166666666667,2165.8333333333335,3565.0,3681.4166666666665,3652.5,1729.1666666666667
57,ID_9UBU78S4KY2A,34.25899866,70.33512191,0,Afghanistan,2067.5833333333335,2004.25,2135.5,2131.4166666666665,2418.6666666666665,2871.3333333333335,2843.1666666666665,2899.5,2220.0
59,ID_BZX6I8Y6G1T9,34.09144959,70.7531659,0,Afghanistan,920.3333333333334,350.3333333333333,748.6666666666666,648.6666666666666,1239.6666666666667,3577.6666666666665,3686.1666666666665,3697.1666666666665,1481.0
60,ID_Q1IW96RP307O,34.30222921,70.40841074,1,Afghanistan,1099.75,891.6666666666666,1224.6666666666667,1051.8333333333333,1744.8333333333333,4059.1666666666665,4163.666666666667,4080.1666666666665,1589.5833333333333
66,ID_VEQSIZ7OH0UQ,34.05803047,70.67193146,1,Afghanistan,3579.3333333333335,3268.5,3180.3333333333335,2938.8333333333335,3658.6666666666665,4417.0,4602.333333333333,4383.833333333333,2359.6666666666665
74,ID_W51I0PT12GTA,34.2724922,70.34944908,1,Afghanistan,1716.8333333333333,1784.8333333333333,1929.8333333333333,1993.0833333333333,2469.5833333333335,3304.9166666666665,3354.5,3398.25,2248.8333333333335
75,ID_MICXEFLUWVJ9,34.16855323,70.77184251,1,Afghanistan,733.0,1125.0,1731.3333333333333,2206.6666666666665,2705.6666666666665,3179.1666666666665,3246.1666666666665,3315.1666666666665,3233.3333333333335
79,ID_07TOMJZX2GTF,34.08938649,70.6624717,0,Afghanistan,2704.3333333333335,3330.6666666666665,3763.1666666666665,4134.0,4118.0,4268.0,4424.0,4266.833333333333,3475.5
93,ID_B9AM66XND0FN,34.25080661,70.30936596,0,Afghanistan,3223.4166666666665,3383.5,3408.5,3514.8333333333335,3709.75,3689.9166666666665,3745.1666666666665,3623.9166666666665,3219.4166666666665
96,ID_GDW55JLGOSR8,34.25062489,70.32877306,0,Afghanistan,2058.75,3050.25,2742.3333333333335,2253.5833333333335,2329.4166666666665,2351.5,2999.1666666666665,2342.6666666666665,1772.25
97,ID_NQVMMMQWSTT2,34.05752673,70.66577259,1,Afghanistan,3195.5,2750.1666666666665,3016.8333333333335,2741.8333333333335,3232.5,4262.833333333333,4028.8333333333335,4238.166666666667,2176.3333333333335
98,ID_W5HP021GO32T,34.29005486,70.39170132,0,Afghanistan,1366.4166666666667,1872.3333333333333,2202.5,2366.6666666666665,2375.9166666666665,3101.8333333333335,3034.5,3147.25,2482.5833333333335
106,ID_7RLPAEJ707V4,34.08490793,70.69804161,0,Afghanistan,4400.333333333333,4211.0,4324.333333333333,4373.833333333333,4749.666666666667,4754.166666666667,4679.833333333333,4724.333333333333,3452.0
108,ID_MN34V10JQVS1,34.07579714,70.70378069,1,Afghanistan,2760.5,2635.0,2569.6666666666665,2212.3333333333335,2773.5,4555.833333333333,4700.666666666667,4525.666666666667,1387.3333333333333
109,ID_DW7QE3RP9GME,34.11242887,70.70178663,1,Afghanistan,1395.0,1358.5,1616.5,1543.1666666666667,2180.3333333333335,3450.6666666666665,3410.0,3536.3333333333335,2073.0
112,ID_T1LQL39UVG4H,34.304373,70.40820406,1,Afghanistan,967.0,1704.0833333333333,2059.1666666666665,1999.4166666666667,2248.8333333333335,3467.5833333333335,3552.8333333333335,3480.5,2108.0
118,ID_VX1IWA5TYFM0,34.16602375,70.76606068,0,Afghanistan,1057.1666666666667,1759.0,2318.0,2812.0,3010.5,3208.0,3100.8333333333335,3236.6666666666665,3685.5
119,ID_FPN17DMBCL95,34.16641546,70.76472294,0,Afghanistan,1034.8333333333333,1421.3333333333333,1970.6666666666667,2350.5,2601.0,2812.5,2905.3333333333335,2904.3333333333335,3400.0
121,ID_5S0CZORFPT6R,34.31244128,70.39498042,1,Afghanistan,974.1666666666666,1375.3333333333333,1718.6666666666667,1798.0,2272.25,3547.5,3565.75,3709.3333333333335,1964.4166666666667
123,ID_398VW7G6ZW53,34.28878906,70.39314721,0,Afghanistan,1231.9166666666667,916.8333333333334,1117.75,944.6666666666666,1599.0833333333333,3645.9166666666665,4211.75,3747.0,1673.8333333333333
128,ID_N6N5ABKXPJFV,34.15840381,70.75647051,0,Afghanistan,857.6666666666666,1159.3333333333333,1660.0,2093.3333333333335,2437.6666666666665,2754.1666666666665,2834.1666666666665,2883.6666666666665,3261.6666666666665
135,ID_ABBZKATSYRUH,34.07723128,70.6852708,1,Afghanistan,3804.5,3653.5,3530.8333333333335,3073.1666666666665,3466.1666666666665,4781.666666666667,5024.833333333333,4663.833333333333,1480.6666666666667
138,ID_OFGG0CNP892R,34.11786562,70.69319607,0,Afghanistan,727.0,1281.0,1665.3333333333333,1888.1666666666667,2144.3333333333335,2576.5,2665.8333333333335,2641.3333333333335,2682.6666666666665
145,ID_TGZ33NWZ2JHV,34.26774716,70.3570029,1,Afghanistan,1969.75,1888.25,1995.0,1868.3333333333333,2256.4166666666665,3868.5833333333335,4018.5,3973.9166666666665,1916.1666666666667
146,ID_5GJC7MQTZ1KT,34.28030475,70.34815082,1,Afghanistan,1459.25,1443.0,1640.0833333333333,1370.25,2103.75,4068.0833333333335,4620.583333333333,4186.0,1550.3333333333333
150,ID_DL4IBT6O05JW,34.26129209,70.36203125,0,Afghanistan,3094.25,2896.0833333333335,2984.5833333333335,2846.25,3186.0833333333335,3854.3333333333335,3778.25,3834.75,2628.6666666666665
151,ID_KQ02QVG2WMZ2,34.29308345,70.41548415,0,Afghanistan,1977.9166666666667,2357.0,2739.25,3002.25,3210.6666666666665,3263.0833333333335,3220.0833333333335,3230.3333333333335,3273.6666666666665
152,ID_TF3SJFKQH7I6,34.28322704,70.41091444,1,Afghanistan,1389.5,1630.1666666666667,2096.8333333333335,2370.0833333333335,2710.25,3206.0833333333335,3251.0833333333335,3282.1666666666665,2956.5
154,ID_WEV30JNH2RPI,34.26382795,70.3276102,0,Afghanistan,2716.5833333333335,2570.9166666666665,2713.8333333333335,2750.6666666666665,3183.5833333333335,3378.0833333333335,3260.3333333333335,3326.3333333333335,2850.3333333333335
155,ID_7GRZNHKE7IJF,34.07858233,70.70216658,0,Afghanistan,3527.0,3507.0,3598.6666666666665,3609.8333333333335,3422.5,4515.833333333333,4623.0,4553.5,2498.1666666666665
156,ID_9J1O2CG9YU32,34.27253068,70.32864003,0,Afghanistan,2238.25,2314.3333333333335,2599.5833333333335,2811.5,3129.3333333333335,3218.0833333333335,3255.1666666666665,3247.0,3197.9166666666665
157,ID_G6NENAHYI1D2,34.29075962,70.42782673,0,Afghanistan,2049.0,2144.5,2558.1666666666665,2718.1666666666665,2888.75,2990.25,2944.1666666666665,2987.9166666666665,3342.9166666666665
167,ID_T4D44YZII61T,34.24684026,70.31050314,1,Afghanistan,2363.5,2233.0,2157.0833333333335,1853.6666666666667,2239.8333333333335,3921.4166666666665,3851.0,3931.6666666666665,1426.1666666666667
168,ID_IC1DM6OS6JFG,34.25326185,70.32533508,0,Afghanistan,1795.75,1487.8333333333333,1602.5833333333333,1236.4166666666667,1838.0,3970.75,3910.5,3962.1666666666665,1346.8333333333333
171,ID_5VD45GGRCXJZ,34.26847576,70.33555096,0,Afghanistan,1749.6666666666667,1506.4166666666667,1606.75,1435.1666666666667,1874.75,3421.9166666666665,3657.5833333333335,3469.25,1618.0
186,ID_XQN47BKKO2YE,34.26518758,70.35299978,1,Afghanistan,2557.5833333333335,2263.6666666666665,2487.0,2373.4166666666665,2468.1666666666665,3854.6666666666665,3361.8333333333335,3829.6666666666665,2210.75
193,ID_B1TVXPQ587U0,34.28920775,70.41851151,0,Afghanistan,1809.3333333333333,2218.9166666666665,2672.0,2890.8333333333335,3307.9166666666665,3421.9166666666665,3206.1666666666665,3441.8333333333335,3477.3333333333335
194,ID_01RYTK0DUR6S,34.10733529,70.70506958,0,Afghanistan,2053.1666666666665,1583.6666666666667,2081.1666666666665,2352.1666666666665,2601.3333333333335,3331.0,3169.0,3466.5,2426.1666666666665
196,ID_TDO0P642C9A8,34.27004727,70.34003981,1,Afghanistan,1981.5,1639.5,1804.5833333333333,1644.6666666666667,2369.5,3765.4166666666665,3866.8333333333335,3817.0833333333335,1880.0
200,ID_BBM351E97EST,34.30016428,70.37195706,0,Afghanistan,2461.5833333333335,2764.1666666666665,3038.5833333333335,3252.5,3565.1666666666665,3632.0,3533.9166666666665,3582.5833333333335,3461.6666666666665
208,ID_G1L2I2I8Y7J4,34.1116378,70.70235279,1,Afghanistan,1414.0,1206.6666666666667,1495.5,1417.6666666666667,2117.0,3629.3333333333335,3729.1666666666665,3729.3333333333335,1845.1666666666667
211,ID_I8MQ59FSAQ8H,34.09045368,70.66662666,0,Afghanistan,3640.8333333333335,3406.0,3540.6666666666665,3660.5,3873.3333333333335,3894.8333333333335,3962.3333333333335,3905.0,3413.8333333333335
212,ID_VT71847SW1WL,34.27137775,70.33419989,1,Afghanistan,1524.9166666666667,1250.6666666666667,1426.8333333333333,1372.0,1885.1666666666667,3373.0833333333335,3549.4166666666665,3534.1666666666665,1434.75
217,ID_ISLFQ0IHKHTJ,34.15911516,70.76631324,1,Afghanistan,776.6666666666666,1073.0,1594.1666666666667,2059.0,2375.0,2782.1666666666665,3000.1666666666665,2937.5,3176.1666666666665
218,ID_XYG23TIQD5OS,34.11698945,70.6838472,1,Afghanistan,394.8333333333333,141.66666666666666,467.0,391.0,1242.3333333333333,3036.0,3164.5,3200.3333333333335,1580.6666666666667
220,ID_0D98OU4IVO4X,34.30766227,70.38500858,1,Afghanistan,1218.25,962.25,1208.0,1115.0833333333333,2009.0833333333333,3885.6666666666665,4063.6666666666665,3962.3333333333335,1828.0
225,ID_W0HFHTJDPRZP,34.30467031,70.39275112,0,Afghanistan,1531.5833333333333,2662.75,2859.8333333333335,2939.25,2797.5,3821.6666666666665,3712.1666666666665,3840.6666666666665,2727.75
229,ID_WELWG8GTSEXW,34.29039045,70.36890816,1,Afghanistan,2417.75,2077.5,2485.0,2673.3333333333335,2790.5,3942.4166666666665,3798.0,3976.9166666666665,2224.0
230,ID_5GVJND93L30M,34.09013992,70.75635172,0,Afghanistan,1238.3333333333333,1520.3333333333333,1946.5,2275.5,2699.1666666666665,2970.3333333333335,2891.6666666666665,3076.6666666666665,3206.3333333333335
233,ID_VI44MP0F1S7V,34.09043276,70.75208022,0,Afghanistan,861.1666666666666,690.1666666666666,1097.0,1198.1666666666667,1555.6666666666667,3053.8333333333335,3022.3333333333335,3241.0,1868.3333333333333
235,ID_TKTSRD4YFSXN,34.11128591,70.69763152,0,Afghanistan,1361.3333333333333,1297.0,1338.1666666666667,1111.6666666666667,1641.0,3670.1666666666665,3409.0,3763.5,1265.1666666666667
236,ID_6KWK81655YE8,34.12032226,70.70958021,0,Afghanistan,1036.8333333333333,1522.0,1867.6666666666667,2135.0,2383.6666666666665,2727.3333333333335,2829.8333333333335,2811.5,2886.6666666666665
237,ID_7XMG5MMFKM44,34.15540655,70.75971684,1,Afghanistan,831.3333333333334,1374.3333333333333,1931.3333333333333,2368.0,2589.6666666666665,2863.8333333333335,2925.1666666666665,2963.0,3146.6666666666665
239,ID_HSTFGR1X3YMP,34.29518383,70.38350365,1,Afghanistan,1652.5,1941.25,2262.8333333333335,2399.25,2793.5,3368.3333333333335,3450.3333333333335,3439.3333333333335,2699.25
241,ID_27SANU941YP6,34.28642155,70.41457491,1,Afghanistan,1366.5833333333333,1651.5,2105.3333333333335,2308.4166666666665,2695.5,3189.5,3261.75,3276.6666666666665,3092.25
243,ID_N9I1486UASHS,34.12727804,70.71458939,0,Afghanistan,454.6666666666667,673.8333333333334,1119.1666666666667,1148.0,1847.1666666666667,3156.6666666666665,3629.0,3325.0,2252.3333333333335
246,ID_QICZPO0OGBWE,34.31293136,70.38651572,1,Afghanistan,1422.25,1723.75,2139.0833333333335,2054.75,2617.3333333333335,4011.1666666666665,4190.833333333333,4131.083333333333,2371.1666666666665
247,ID_7GN3UKXDT6O2,34.2577691,70.32481085,1,Afghanistan,2734.25,1867.75,2039.5,1823.1666666666667,2481.75,4171.333333333333,4139.0,4200.166666666667,1625.4166666666667
249,ID_F3ACZQ5E711S,34.28748412,70.35424273,0,Afghanistan,2408.4166666666665,2743.9166666666665,3007.5,3210.1666666666665,3294.4166666666665,3320.4166666666665,3483.0833333333335,3247.0833333333335,2988.9166666666665
252,ID_19UP7EHYCG58,34.28836427,70.41676839,1,Afghanistan,1076.5,1351.75,1871.5,2183.6666666666665,2520.25,3196.25,3218.4166666666665,3295.9166666666665,2686.5833333333335
255,ID_YP5M1J53UR8F,34.24195752,70.30982252,0,Afghanistan,3119.5,3130.3333333333335,3063.0,2723.0,3240.5,3710.5,4235.833333333333,3665.5,2515.5
256,ID_XO7YE35BU495,34.29036114,70.41090174,1,Afghanistan,1553.75,1795.6666666666667,2188.0833333333335,2400.1666666666665,2755.1666666666665,3132.0,3093.5833333333335,3170.0833333333335,2953.5
258,ID_5S4U177HD7DI,34.27900684,70.33333182,1,Afghanistan,2663.25,2170.5833333333335,2227.4166666666665,2427.0833333333335,2876.0,3951.5,3970.0,4081.1666666666665,2292.5
266,ID_AA12BIE43Z96,34.26907693,70.34431123,1,Afghanistan,2305.6666666666665,2335.0833333333335,2527.9166666666665,2636.25,2976.5,3382.4166666666665,3264.75,3373.5,2541.1666666666665
268,ID_IQ6JT7L37LU8,34.28437323,70.33002421,0,Afghanistan,3132.9166666666665,2890.0833333333335,3063.8333333333335,3234.5,3513.3333333333335,3589.6666666666665,3481.0833333333335,3578.1666666666665,3421.25
270,ID_KK80ZWM3X41Y,34.29495048,70.39461039,1,Afghanistan,1700.0,1786.0833333333333,2091.9166666666665,2311.5833333333335,2688.75,2892.25,2951.9166666666665,2946.4166666666665,2930.5833333333335
271,ID_YTTBDEUD2QAD,34.29718559,70.42630539,0,Afghanistan,1773.75,2368.8333333333335,2812.6666666666665,2948.9166666666665,3152.75,3304.6666666666665,3376.5,3277.8333333333335,3381.9166666666665
273,ID_B587X25ZZ4VB,34.29178308,70.4150013,1,Afghanistan,1586.0833333333333,2110.6666666666665,2511.1666666666665,2759.4166666666665,2988.4166666666665,3200.75,3172.5833333333335,3230.3333333333335,3257.0
279,ID_AB00BJB7WXYH,34.16966905,70.77140555,0,Afghanistan,671.6666666666666,1320.0,1823.1666666666667,2204.5,2468.8333333333335,3013.8333333333335,3009.1666666666665,3136.3333333333335,3207.0
282,ID_61JCX0D2S8IY,34.12968302,70.74447242,0,Afghanistan,771.5,1132.3333333333333,1589.5,1913.8333333333333,2271.5,2784.1666666666665,2674.3333333333335,2898.3333333333335,2868.0
287,ID_1EYOAHQBBADI,34.25835985,70.36595467,1,Afghanistan,2290.4166666666665,1984.25,2146.1666666666665,1842.5833333333333,2563.1666666666665,4759.25,4686.916666666667,4740.75,1752.0833333333333
292,ID_B1KWYEPKWT8L,34.29268919,70.42869186,0,Afghanistan,2015.5833333333333,2205.8333333333335,2622.4166666666665,2790.25,2996.8333333333335,3070.75,3052.25,3077.8333333333335,3565.0
295,ID_QJIKUEX8TLPY,34.10170348,70.6995065,0,Afghanistan,2321.1666666666665,2841.0,3011.3333333333335,2990.3333333333335,3259.8333333333335,3776.8333333333335,3966.6666666666665,3792.8333333333335,2576.0
297,ID_USHDSZASYNRK,34.29138712,70.37107598,1,Afghanistan,1436.0,1364.5833333333333,1551.4166666666667,1472.0833333333333,2118.6666666666665,4051.3333333333335,4430.5,4165.333333333333,1544.0
305,ID_O1HONIVPLM2L,34.30353659,70.41465131,1,Afghanistan,985.25,789.6666666666666,1135.6666666666667,1167.0,1947.5,3521.0833333333335,3665.5833333333335,3649.8333333333335,1915.5
312,ID_EWVWRSH7U7E0,34.09899664,70.69142848,1,Afghanistan,3406.1666666666665,3038.0,3041.6666666666665,2691.0,3235.3333333333335,4667.666666666667,4826.666666666667,4660.5,1811.6666666666667
313,ID_0XMMBHK6AO2M,34.05897985,70.66114512,0,Afghanistan,4567.5,4252.333333333333,4119.333333333333,3831.1666666666665,4311.5,4924.833333333333,5011.833333333333,4900.833333333333,3114.3333333333335
316,ID_3RH8RGA4HSU2,34.05801969,70.66834237,1,Afghanistan,3372.3333333333335,3561.6666666666665,3553.3333333333335,3321.8333333333335,3703.3333333333335,4415.666666666667,4595.5,4399.833333333333,2413.5
324,ID_PD3IS4LJ4JDR,34.29498087,70.40733357,0,Afghanistan,2193.0,2261.5,2566.25,2748.5,2904.5,2979.3333333333335,3000.8333333333335,2975.1666666666665,3047.1666666666665
326,ID_PVEABF13OS14,34.26349392,70.37044516,1,Afghanistan,2820.75,2932.0833333333335,3076.4166666666665,3069.4166666666665,3202.1666666666665,3914.0,4030.0833333333335,3931.8333333333335,2542.6666666666665
328,ID_D32W76LXQWBB,34.30718692,70.37711248,1,Afghanistan,1974.8333333333333,2345.75,2633.0,2744.6666666666665,2858.0833333333335,3229.0,3271.0,3223.25,2676.75
329,ID_JNOGQWD0O91J,34.30105475,70.386232,1,Afghanistan,897.5,881.1666666666666,1104.75,998.25,1493.0,3706.1666666666665,3783.6666666666665,3930.1666666666665,1149.9166666666667
335,ID_PAIQJVIU4ZCE,34.14601269,70.7485289,1,Afghanistan,551.0,1094.8333333333333,1583.5,1857.5,2234.8333333333335,2988.5,3052.0,3124.1666666666665,2875.1666666666665
337,ID_A8IZNECA8HPH,34.08152766,70.68803573,1,Afghanistan,3241.6666666666665,3024.8333333333335,2744.1666666666665,2288.1666666666665,2773.3333333333335,4777.0,5082.833333333333,4800.0,1367.0
354,ID_VW8646NOUKMY,34.2591707,70.35821462,0,Afghanistan,2378.0833333333335,2495.9166666666665,2543.0833333333335,2474.8333333333335,2797.5833333333335,3591.5833333333335,3672.4166666666665,3604.75,2296.5
355,ID_I9EO41EYCG4G,34.24315599,70.31554406,0,Afghanistan,2829.5,3934.3333333333335,3280.6666666666665,3088.1666666666665,3341.8333333333335,3674.5,4036.5,3639.8333333333335,2700.5
356,ID_90RVOZ6YCD9T,34.24912818,70.323058,0,Afghanistan,3367.6666666666665,3974.75,3489.75,2977.6666666666665,3471.9166666666665,4056.8333333333335,4707.333333333333,3978.1666666666665,2351.3333333333335
357,ID_ZG9ME3ORN4WE,34.12052019,70.7076544,0,Afghanistan,1174.3333333333333,1768.0,2242.0,2576.3333333333335,2860.0,3260.6666666666665,3426.3333333333335,3393.8333333333335,3321.3333333333335
360,ID_SIRERY7796WH,34.26872715,70.35922676,1,Afghanistan,2094.4166666666665,2369.3333333333335,2394.0,2294.0833333333335,2549.8333333333335,3772.75,3706.0833333333335,3839.6666666666665,2071.9166666666665
361,ID_6XV3CU2DPDTP,34.2554888,70.32998813,0,Afghanistan,2924.75,2909.3333333333335,2959.8333333333335,2939.4166666666665,3360.25,3514.1666666666665,3429.6666666666665,3504.75,3066.6666666666665
363,ID_L3X7Y11LRA9Q,34.09123509,70.74882364,0,Afghanistan,853.0,1194.6666666666667,1665.6666666666667,1948.5,2190.6666666666665,2540.1666666666665,2692.3333333333335,2623.6666666666665,3004.1666666666665
369,ID_KRFMHYEIDSPQ,34.10464725,70.70412043,0,Afghanistan,1686.6666666666667,2348.8333333333335,2553.3333333333335,2702.8333333333335,2816.8333333333335,3249.0,3316.3333333333335,3320.5,2742.6666666666665
374,ID_31YDU21TJHFO,34.08906984,70.69456486,0,Afghanistan,4192.0,4241.833333333333,4362.833333333333,4488.166666666667,4767.333333333333,4832.0,4852.333333333333,4709.666666666667,3340.6666666666665
375,ID_UGQ4P2JUH0ZQ,34.30680603,70.38161414,0,Afghanistan,1467.1666666666667,2320.5,2651.3333333333335,2850.4166666666665,3055.25,3437.5,3532.75,3476.25,3057.1666666666665
376,ID_YI2DRW8CWYTV,34.12983832,70.71911797,1,Afghanistan,177.83333333333334,271.1666666666667,651.1666666666666,582.6666666666666,1256.0,3283.8333333333335,3335.3333333333335,3428.0,1345.0
380,ID_AJ0ZQ0BWNQDJ,34.06435782,70.66220171,0,Afghanistan,2711.5,2597.6666666666665,2770.6666666666665,2666.5,3013.1666666666665,4155.833333333333,4020.6666666666665,4123.0,2243.6666666666665
381,ID_BXAEGEVNM7Z5,34.30021188,70.3887482,0,Afghanistan,1246.0833333333333,1416.4166666666667,1741.0833333333333,1659.75,2319.6666666666665,3703.6666666666665,3675.25,3809.0,2093.8333333333335
388,ID_8ZQTO2RAXWK9,34.29604281,70.42770336,1,Afghanistan,1874.5833333333333,2420.75,3006.0,3309.5,3448.4166666666665,3604.5,3683.0833333333335,3539.4166666666665,3691.6666666666665
391,ID_NJ7TR0UIRLXI,34.29660097,70.39944339,1,Afghanistan,1377.5833333333333,1046.8333333333333,1375.8333333333333,1370.5,1965.5833333333333,3473.5833333333335,3634.0,3647.3333333333335,1825.25
396,ID_MO9PX9RZ01XK,34.17091154,70.77545191,1,Afghanistan,871.8333333333334,1600.0,2170.6666666666665,2609.0,3067.0,3372.5,3291.0,3443.3333333333335,3747.1666666666665
397,ID_LVRJASAC5NFP,34.30736337,70.3955146,0,Afghanistan,1780.6666666666667,2411.25,2639.4166666666665,2822.0,2904.25,3398.1666666666665,3625.5833333333335,3543.5,2885.75
399,ID_4C2O3QKE652D,34.28258596,70.40072344,1,Afghanistan,1248.75,819.5833333333334,1109.25,1069.9166666666667,1941.3333333333333,3638.0,4112.416666666667,3697.75,2078.1666666666665
400,ID_A1F1OYZ0CR7Y,34.10621338,70.7045454,0,Afghanistan,1851.8333333333333,2427.8333333333335,2716.3333333333335,2789.1666666666665,3069.1666666666665,3303.5,3475.6666666666665,3309.1666666666665,3041.3333333333335
401,ID_KYBQXUVXQHTA,34.25989846,70.36863354,1,Afghanistan,1963.0833333333333,1884.9166666666667,1970.9166666666667,1735.6666666666667,2203.4166666666665,4363.916666666667,4280.583333333333,4503.416666666667,1660.1666666666667
402,ID_4R1GBOG7F02P,34.09888999,70.69268748,1,Afghanistan,2960.0,2888.5,2884.1666666666665,2505.1666666666665,3059.1666666666665,4759.666666666667,5030.166666666667,4765.333333333333,1533.6666666666667
404,ID_84HXMQPKTJXQ,34.30520793,70.38798813,1,Afghanistan,1161.0,956.0833333333334,1141.9166666666667,944.25,1482.0,4136.833333333333,4204.916666666667,4338.083333333333,1231.25
405,ID_1S7BBUA8DTTQ,34.26866122,70.35381277,1,Afghanistan,3273.0,2086.3333333333335,2408.25,2567.0833333333335,2980.75,3932.9166666666665,3554.0,3927.3333333333335,2335.5
410,ID_SR1610J23RXZ,34.27748495,70.34672574,0,Afghanistan,1311.0,1317.3333333333333,1492.9166666666667,1337.0,1807.4166666666667,3694.3333333333335,3739.3333333333335,3829.3333333333335,1457.75
413,ID_4W4KAW692AS2,34.09267426,70.7584305,0,Afghanistan,1175.0,1343.3333333333333,1744.0,2054.8333333333335,2379.5,2611.6666666666665,2513.0,2648.1666666666665,2977.3333333333335
414,ID_2MDCZ40BHNSB,34.07993288,70.69026615,1,Afghanistan,3985.6666666666665,3373.8333333333335,3466.8333333333335,3247.8333333333335,3926.6666666666665,5009.333333333333,4992.333333333333,5009.5,2135.8333333333335
416,ID_XGCHI0QINRR2,34.11913606,70.69333487,1,Afghanistan,243.16666666666666,262.6666666666667,623.5,631.5,1378.0,3292.1666666666665,3539.0,3477.6666666666665,1677.1666666666667
418,ID_LCU8PB4N0LVN,34.09252058,70.75387151,1,Afghanistan,99.0,167.33333333333334,483.3333333333333,366.3333333333333,1053.6666666666667,3883.1666666666665,3857.1666666666665,4044.8333333333335,1158.5
420,ID_CZKDZ6JHYMP4,34.29089624,70.39394106,1,Afghanistan,1252.8333333333333,1759.4166666666667,1992.4166666666667,2141.8333333333335,2504.8333333333335,3213.4166666666665,3205.0,3276.0833333333335,2560.3333333333335
423,ID_7Z40LLJAFZ00,34.08181834,70.69665843,1,Afghanistan,4238.833333333333,4243.666666666667,4301.333333333333,4262.333333333333,4613.833333333333,4726.0,4807.333333333333,4664.166666666667,3115.6666666666665
424,ID_LT6B1I6DN74Z,34.264893,70.33371323,0,Afghanistan,1855.5,2350.4166666666665,2585.5,2485.0833333333335,2512.5833333333335,3125.8333333333335,3249.6666666666665,3116.8333333333335,2320.75
426,ID_0O9IXHXP6W50,34.29270082,70.36551715,1,Afghanistan,2427.0,2132.4166666666665,2300.9166666666665,2153.75,2482.75,3671.0833333333335,3852.0,3726.5833333333335,2097.5
432,ID_S9FDBGGIZC2H,34.28970829,70.41687464,1,Afghanistan,1622.5833333333333,1964.5,2426.5,2667.0,2916.0833333333335,3221.0,3312.5833333333335,3263.75,3226.75
433,ID_B3JRB3R30YL8,34.2665699,70.33002391,1,Afghanistan,1560.5833333333333,1366.1666666666667,1470.0833333333333,1248.5833333333333,1897.0,3501.6666666666665,3701.5833333333335,3615.4166666666665,1384.8333333333333
435,ID_THFLD6H0G21T,34.26453919,70.36640568,0,Afghanistan,2596.3333333333335,2905.6666666666665,3044.1666666666665,3142.5,3245.8333333333335,3361.0,3466.3333333333335,3346.5833333333335,2887.0
440,ID_TJZFLT7QJMC7,34.30126638,70.39345406,1,Afghanistan,1118.9166666666667,1356.4166666666667,1619.5,1441.6666666666667,1892.0833333333333,3639.0833333333335,3558.4166666666665,3731.6666666666665,1593.6666666666667
443,ID_A9TJTX66XQSG,34.16530999,70.76418241,1,Afghanistan,861.8333333333334,980.3333333333334,1518.6666666666667,1988.0,2593.3333333333335,3132.5,3219.6666666666665,3324.3333333333335,3005.5
444,ID_Y7S21PIT1FOS,34.28432088,70.41332169,1,Afghanistan,1101.75,1310.5833333333333,1759.3333333333333,1846.6666666666667,2453.8333333333335,3407.0833333333335,3678.25,3555.5,2594.1666666666665
448,ID_4C8HMB30MJIB,34.24378466,70.30037392,0,Afghanistan,2674.0,2913.0,3079.0,3271.1666666666665,3656.0,3719.3333333333335,3683.3333333333335,3659.5,3407.8333333333335
449,ID_9V9JROSJ9MM4,34.08279402,70.68887948,1,Afghanistan,3549.5,3587.0,3648.3333333333335,3483.3333333333335,4046.6666666666665,4352.166666666667,4484.666666666667,4332.5,2428.8333333333335
453,ID_G3U6M5H54UXM,34.29256115,70.43146586,0,Afghanistan,2000.5,2347.4166666666665,2845.0,3029.1666666666665,3184.25,3276.25,3250.0,3227.0833333333335,3509.5
460,ID_MKK43JNFC42S,34.30628575,70.39096087,1,Afghanistan,1348.6666666666667,2048.25,2267.6666666666665,2270.5,2275.3333333333335,3932.0833333333335,3689.6666666666665,3987.9166666666665,1994.9166666666667
461,ID_KZX10YRRPFQ2,34.28429498,70.41821376,1,Afghanistan,1499.5,1920.4166666666667,2343.3333333333335,2642.0833333333335,2965.25,3317.6666666666665,3268.3333333333335,3378.75,3209.25
462,ID_S6Q0OLMNEJ9V,34.25109915,70.34426477,0,Afghanistan,2232.1666666666665,3234.1666666666665,3012.75,2716.6666666666665,3017.75,3407.75,3828.3333333333335,3396.0833333333335,2440.75
465,ID_X0I8DW9ZQHPY,34.15512428,70.7574672,0,Afghanistan,851.3333333333334,1090.6666666666667,1561.1666666666667,1960.1666666666667,2216.1666666666665,2514.0,2604.3333333333335,2671.8333333333335,3245.1666666666665
467,ID_AGMVF8S9GKTV,34.29562046,70.41263232,0,Afghanistan,1505.9166666666667,2409.5833333333335,2739.0,2880.3333333333335,2742.25,3482.3333333333335,3521.4166666666665,3524.1666666666665,2773.0
468,ID_EOZOYTUE4PTC,34.05531528,70.6693958,0,Afghanistan,3831.5,3319.6666666666665,3668.8333333333335,3691.5,4128.5,4475.166666666667,4462.666666666667,4476.333333333333,3232.1666666666665
469,ID_1VG8RI95H9T1,34.05437555,70.66649405,0,Afghanistan,3092.6666666666665,3140.3333333333335,3290.3333333333335,3368.0,3615.3333333333335,4047.6666666666665,4149.5,4092.1666666666665,2717.5
473,ID_TV5TSED9LGL8,34.13151436,70.7133555,0,Afghanistan,618.1666666666666,591.5,1012.5,1133.6666666666667,1896.3333333333333,3179.6666666666665,3210.3333333333335,3373.6666666666665,2361.6666666666665
476,ID_06BV9BGMEJ9D,34.08166173,70.70187219,0,Afghanistan,4659.0,6704.666666666667,6396.0,6324.0,5259.833333333333,5998.833333333333,6822.333333333333,5943.0,3035.8333333333335
480,ID_Y02KW78T1MSC,34.11907907,70.7562348,0,Afghanistan,832.5,1689.3333333333333,2293.0,2532.0,2907.5,3574.8333333333335,3552.6666666666665,3633.5,3213.0
485,ID_7S6N6RWBL25X,34.25444237,70.34979868,1,Afghanistan,3793.4166666666665,3145.0833333333335,3124.6666666666665,2748.4166666666665,3100.9166666666665,4457.083333333333,4316.333333333333,4527.916666666667,2082.6666666666665
486,ID_KNAKZV7SZ2GI,34.26100847,70.34100325,1,Afghanistan,1915.6666666666667,1404.25,1807.9166666666667,1572.3333333333333,2122.75,3764.9166666666665,3903.5833333333335,3826.9166666666665,1615.0833333333333
504,ID_DDZYRA60EBIC,34.27800803,70.34826326,0,Afghanistan,1715.0,2182.5,2325.25,2446.0,2688.8333333333335,2882.0833333333335,2800.4166666666665,2909.6666666666665,2560.25
506,ID_7TBQ9F6ANT4H,34.28245695,70.41618035,1,Afghanistan,1442.5833333333333,1763.6666666666667,2200.0,2443.8333333333335,2673.1666666666665,2957.4166666666665,3000.4166666666665,2997.4166666666665,3060.5
509,ID_7BR1I073QEZ2,34.12533868,70.73856201,0,Afghanistan,1147.3333333333333,1453.6666666666667,1981.6666666666667,2406.0,2674.6666666666665,2864.1666666666665,2890.3333333333335,2955.5,3430.3333333333335
510,ID_LH3TRH66RJNA,34.11644237,70.68619581,0,Afghanistan,434.5,1231.0,1564.5,1726.3333333333333,1987.5,2377.3333333333335,2570.1666666666665,2442.5,2485.0
512,ID_WI9BJXNUVVVJ,34.30077626,70.40652493,1,Afghanistan,1601.75,1359.5,1675.25,1511.9166666666667,2141.1666666666665,3881.0833333333335,3999.3333333333335,3964.75,2074.0
514,ID_WASJCJQPH101,34.08957119,70.6584281,1,Afghanistan,630.5,691.1666666666666,860.1666666666666,704.3333333333334,1212.8333333333333,3355.1666666666665,3181.5,3452.3333333333335,1082.3333333333333
519,ID_QHBMANMQPREC,34.25254092,70.31789525,1,Afghanistan,2062.8333333333335,2287.75,2140.6666666666665,1789.8333333333333,2267.6666666666665,3604.75,3598.5,3575.4166666666665,1644.0
520,ID_1XNW5PWHESVU,34.28615934,70.39997662,1,Afghanistan,1430.25,1689.0,2003.0,2168.4166666666665,2431.25,3053.25,3042.3333333333335,3118.8333333333335,2501.8333333333335
523,ID_JIGQAR40H0YP,34.2642695,70.3565737,1,Afghanistan,2641.0,1935.4166666666667,1979.8333333333333,1877.0833333333333,2581.5833333333335,4018.4166666666665,4182.416666666667,4030.0,2034.0833333333333
524,ID_9F6HQLKDBBCW,34.12124876,70.71294909,0,Afghanistan,1400.1666666666667,1739.5,2247.5,2641.5,2831.1666666666665,3147.0,3125.5,3179.6666666666665,3262.6666666666665
529,ID_I4KHK6Y6KDFY,34.27864291,70.32972096,0,Afghanistan,2816.75,3036.1666666666665,3273.0,3516.4166666666665,3728.75,3680.25,3744.25,3628.8333333333335,3611.5
534,ID_WVFJY6X3CSXS,34.26380094,70.35832091,1,Afghanistan,2586.6666666666665,2603.8333333333335,2535.25,2201.5,2545.1666666666665,4290.583333333333,4204.083333333333,4367.833333333333,1768.25
535,ID_V582NH012WA8,34.29249735,70.3910207,0,Afghanistan,2138.0833333333335,2979.6666666666665,3239.6666666666665,3337.0833333333335,3446.0,3356.1666666666665,3336.1666666666665,3274.1666666666665,3438.0
538,ID_ZHMFRGK8ZYZX,34.30842679,70.38645559,1,Afghanistan,1578.9166666666667,967.25,1283.9166666666667,1035.0,1723.75,4257.583333333333,4197.666666666667,4364.833333333333,1651.9166666666667
539,ID_PIC5KT1B1QLP,34.27013033,70.35148256,0,Afghanistan,2639.75,2987.0,3034.0833333333335,2985.6666666666665,3108.1666666666665,3318.5,3357.75,3311.5,2801.0833333333335
540,ID_6NF7KLNUH5DU,34.08462909,70.68706187,1,Afghanistan,2802.5,2723.1666666666665,2751.0,2346.5,2745.5,4732.333333333333,4918.0,4732.5,1161.3333333333333
542,ID_5SDY8K1CQJFX,34.24989042,70.33078732,1,Afghanistan,1937.25,2754.6666666666665,2676.75,2224.6666666666665,2446.5,3718.75,4023.1666666666665,3706.0,1680.8333333333333
551,ID_42JXTM6TL2HH,34.16085762,70.76212097,1,Afghanistan,918.1666666666666,1268.8333333333333,1795.0,2193.3333333333335,2479.1666666666665,2792.3333333333335,2840.6666666666665,2907.1666666666665,3189.8333333333335
555,ID_977NWSX8H95U,34.10283664,70.69160093,0,Afghanistan,2333.6666666666665,2263.5,2284.1666666666665,1889.6666666666667,2415.1666666666665,4163.833333333333,4153.5,4160.166666666667,1408.6666666666667
556,ID_B8F33E7UM5YL,34.081523,70.69886627,0,Afghanistan,4095.1666666666665,4318.333333333333,4361.333333333333,4451.833333333333,4638.166666666667,4630.666666666667,4791.5,4557.666666666667,3291.0
560,ID_3UYQC3VP37VX,34.29602953,70.38097128,1,Afghanistan,925.5833333333334,1021.75,1279.0833333333333,937.5833333333334,1613.0,4933.083333333333,5010.75,4919.083333333333,1297.5
561,ID_NJVCQI6LZLLT,34.28327336,70.42684393,0,Afghanistan,1567.5833333333333,1900.5,2329.25,2617.3333333333335,2738.0,2907.6666666666665,2975.25,2923.25,3055.1666666666665
565,ID_SGTYWII6FPXV,34.2928223,70.40802,0,Afghanistan,2253.6666666666665,2590.0,2923.1666666666665,3079.5,3183.1666666666665,3219.5,3234.0833333333335,3200.5,3284.6666666666665
573,ID_UBCEP9JKKR3C,34.3061929,70.37072932,1,Afghanistan,1398.5,1426.9166666666667,1586.5,1415.5,2002.3333333333333,3594.8333333333335,3722.75,3727.0,1704.0
575,ID_D1NFOTF86MV2,34.2746759,70.34934289,0,Afghanistan,1962.0,2162.4166666666665,2337.1666666666665,2339.5,2484.0833333333335,2902.5,2747.75,2942.0833333333335,2497.6666666666665
580,ID_VDJ7RDIZ0GVR,34.24226775,70.31642297,1,Afghanistan,3037.6666666666665,2990.6666666666665,2659.5,2040.0,2342.3333333333335,3945.5,4269.5,4106.166666666667,1743.0
585,ID_8TPGJRN2S38X,34.12057584,70.75910009,1,Afghanistan,528.6666666666666,255.33333333333334,670.3333333333334,686.5,1278.6666666666667,3181.3333333333335,3054.6666666666665,3350.8333333333335,1455.6666666666667
587,ID_YQHCMAA5ZFWS,34.29855951,70.37940196,0,Afghanistan,1453.9166666666667,1291.5,1530.6666666666667,1431.6666666666667,1731.0833333333333,4206.666666666667,4030.75,4307.666666666667,1822.0833333333333
589,ID_LACUI1CIVQE3,34.266225,70.35631726,0,Afghanistan,1961.0833333333333,1807.8333333333333,1721.5,1426.3333333333333,2005.6666666666667,4182.666666666667,4554.166666666667,4153.75,1667.6666666666667
590,ID_VKA4TCB2C4QE,34.05891118,70.66630758,1,Afghanistan,3473.6666666666665,3207.6666666666665,3299.3333333333335,3001.8333333333335,3444.6666666666665,4531.833333333333,4551.0,4507.166666666667,2170.5
595,ID_5TJK3S2FXWGJ,34.08653055,70.69015502,0,Afghanistan,3412.0,3924.6666666666665,3796.6666666666665,3864.0,4087.1666666666665,4232.0,4191.666666666667,4166.0,2760.1666666666665
598,ID_G3MBBK2GN8HA,34.05537815,70.67442146,1,Afghanistan,3929.3333333333335,3240.0,3298.6666666666665,3095.8333333333335,3834.6666666666665,4235.0,4371.0,4153.333333333333,2818.1666666666665
600,ID_7XB2G02AHPZP,34.2501881,70.32778285,0,Afghanistan,2396.0,3759.5,3910.1666666666665,3630.0,3580.5833333333335,3122.4166666666665,3767.25,2910.3333333333335,2465.4166666666665
601,ID_FUNQA2O629NJ,34.2663691,70.34951408,1,Afghanistan,1864.0833333333333,1657.5833333333333,1882.75,1682.1666666666667,2151.8333333333335,3549.75,3532.1666666666665,3569.25,1647.1666666666667
602,ID_N891V6PQ08U5,34.10758431,70.70671637,0,Afghanistan,2231.0,2125.0,2584.8333333333335,2815.8333333333335,3077.1666666666665,3288.8333333333335,3204.3333333333335,3326.3333333333335,3078.6666666666665
603,ID_P30IQ3RLKQOD,34.28479427,70.40311014,1,Afghanistan,1266.3333333333333,1485.75,1932.9166666666667,2069.3333333333335,2484.75,3220.8333333333335,3307.5,3291.0833333333335,2632.1666666666665
605,ID_EYU12FP6UOFO,34.29806106,70.38105841,1,Afghanistan,1053.75,1188.3333333333333,1496.6666666666667,1271.5,1784.0833333333333,4113.416666666667,4091.1666666666665,4197.5,1606.5833333333333
610,ID_B0VHWTPUJITS,34.05737364,70.67368245,1,Afghanistan,3529.8333333333335,3261.8333333333335,3190.0,2912.8333333333335,3606.1666666666665,4393.666666666667,4474.833333333333,4339.166666666667,2182.8333333333335
612,ID_2M3R9EODLGS4,34.12211821,70.69597237,0,Afghanistan,868.1666666666666,1345.3333333333333,1817.0,2240.6666666666665,2419.8333333333335,2636.0,2694.1666666666665,2727.3333333333335,3260.8333333333335
613,ID_6SB0JE6SHJ3L,34.30297412,70.41560677,1,Afghanistan,1069.75,1376.1666666666667,1781.6666666666667,1778.6666666666667,2186.1666666666665,3609.1666666666665,3506.8333333333335,3651.0,2332.5833333333335
615,ID_9CILZ9TGBH0T,34.29893735,70.37322218,1,Afghanistan,1152.6666666666667,1177.8333333333333,1408.0833333333333,1229.75,1742.5833333333333,3817.1666666666665,3968.3333333333335,3894.5,1479.3333333333333
618,ID_FHSW631M4N6O,34.29027174,70.42885686,0,Afghanistan,2019.0833333333333,2347.25,2774.6666666666665,2909.0833333333335,3016.0,3105.0,3119.0,3079.0833333333335,3379.9166666666665
620,ID_ZITFA0EJNEUQ,34.12790762,70.75925272,1,Afghanistan,731.3333333333334,503.6666666666667,986.0,998.1666666666666,1732.5,3356.3333333333335,3598.1666666666665,3428.6666666666665,2126.6666666666665
622,ID_F8OKGFOW3RG5,34.28273442,70.4033342,1,Afghanistan,1216.25,1494.1666666666667,1887.3333333333333,2187.75,2565.25,3179.9166666666665,3086.6666666666665,3262.25,2764.5833333333335
629,ID_9W7U6HVV4ATO,34.05571088,70.6651257,0,Afghanistan,2915.1666666666665,2876.0,2960.8333333333335,2921.3333333333335,3289.3333333333335,4160.0,4149.5,4122.5,2496.1666666666665
630,ID_QHZUFA9TUBYU,34.10388815,70.69475723,1,Afghanistan,2281.3333333333335,2256.1666666666665,2349.8333333333335,2106.5,2574.8333333333335,4408.0,4345.333333333333,4445.0,1612.1666666666667
631,ID_BU6G7UU67RZ9,34.29019851,70.39486779,1,Afghanistan,1510.1666666666667,1734.0833333333333,2010.25,2169.9166666666665,2488.5833333333335,3010.75,3004.8333333333335,3086.0,2481.25
632,ID_9VZYXPCVYCV9,34.08613276,70.69520366,0,Afghanistan,4320.666666666667,4141.0,4210.333333333333,4259.5,4775.0,4759.166666666667,4534.166666666667,4678.5,3296.1666666666665
633,ID_8YSS6PROMXGT,34.10972348,70.70535783,0,Afghanistan,2201.1666666666665,2626.3333333333335,2975.0,3203.1666666666665,3402.3333333333335,3558.3333333333335,3675.6666666666665,3554.8333333333335,3272.1666666666665
636,ID_FJ6P26L0UFM2,34.11920328,70.75485172,0,Afghanistan,938.0,2018.6666666666667,2693.6666666666665,3018.3333333333335,3413.8333333333335,3613.1666666666665,3567.3333333333335,3646.1666666666665,3905.6666666666665
639,ID_WIVV3FC9UR2G,34.05966777,70.66318498,0,Afghanistan,4253.166666666667,4453.666666666667,4459.0,4345.333333333333,4520.333333333333,4797.166666666667,5047.166666666667,4786.0,3365.0
643,ID_WMYWS7MZH87D,34.2686619,70.35210176,1,Afghanistan,2367.75,1722.9166666666667,1942.0,1892.5,2310.3333333333335,3814.0833333333335,3732.5,3907.0833333333335,1785.75
644,ID_NZR9VF6RQIJM,34.26255925,70.37221361,1,Afghanistan,2522.5833333333335,2431.3333333333335,2639.8333333333335,2764.3333333333335,3077.9166666666665,3725.5833333333335,3715.8333333333335,3765.4166666666665,2570.9166666666665
648,ID_ZBJO86WI1GUK,34.25695047,70.35839643,0,Afghanistan,2850.1666666666665,3162.1666666666665,3220.5,3306.3333333333335,3537.0833333333335,3858.8333333333335,3731.4166666666665,3985.5833333333335,2762.1666666666665
657,ID_IBP4H0SMTFSF,34.1541385,70.75888926,0,Afghanistan,1107.5,1338.3333333333333,1842.3333333333333,2186.1666666666665,2444.0,2677.3333333333335,2719.8333333333335,2819.5,3465.6666666666665
664,ID_HC2N17K8EQKR,34.29745221,70.42990804,1,Afghanistan,1913.5,2265.0,2706.0833333333335,3009.25,3297.9166666666665,3440.5833333333335,3398.9166666666665,3457.1666666666665,3657.0
666,ID_A5CWUD22SAN5,34.27005754,70.33410411,0,Afghanistan,2030.8333333333333,2324.0833333333335,2494.6666666666665,2585.0833333333335,2668.25,2827.25,2926.9166666666665,2855.25,2681.75
668,ID_VAMSOJ4CYQRT,34.07642894,70.69107683,0,Afghanistan,3363.8333333333335,3766.6666666666665,3743.8333333333335,3583.6666666666665,3923.5,3945.0,4005.1666666666665,3798.6666666666665,2613.6666666666665
669,ID_LTQCRW9EV5WH,34.14078199,70.74978862,1,Afghanistan,430.5,787.5,1211.5,1450.3333333333333,1817.5,3288.3333333333335,3334.1666666666665,3500.6666666666665,2121.3333333333335
673,ID_397WUFK62O3K,34.1233411,70.71208702,1,Afghanistan,735.5,807.1666666666666,1193.0,1198.8333333333333,1679.3333333333333,3463.1666666666665,3432.5,3580.8333333333335,1941.5
674,ID_JBNE6SKLMZKP,34.10498638,70.69647276,1,Afghanistan,2270.5,2211.3333333333335,2330.6666666666665,2177.0,2831.1666666666665,3955.8333333333335,4105.333333333333,4023.6666666666665,2117.3333333333335
676,ID_5WCHS8ORYR96,34.25287786,70.32133163,0,Afghanistan,2298.4166666666665,2740.5,2759.1666666666665,2775.75,3035.9166666666665,3122.3333333333335,3305.0833333333335,3095.0,2718.0833333333335
680,ID_X6C66ZFTRGGR,34.28264157,70.38449942,1,Afghanistan,1636.5833333333333,2194.9166666666665,2564.5833333333335,2718.5,2764.6666666666665,3631.1666666666665,3370.0833333333335,3619.5833333333335,2821.4166666666665
681,ID_N0NDW4WP07G3,34.2811487,70.41305181,1,Afghanistan,1534.1666666666667,1896.9166666666667,2400.1666666666665,2638.0833333333335,2876.4166666666665,3185.1666666666665,3324.3333333333335,3244.5833333333335,3182.9166666666665
686,ID_MJKNX4B7CTKD,34.09408403,70.75666592,0,Afghanistan,1139.8333333333333,1313.6666666666667,1753.6666666666667,2088.6666666666665,2384.8333333333335,2682.5,2729.0,2806.8333333333335,3197.5
688,ID_VS67R41V7MWW,34.08246012,70.68476698,0,Afghanistan,4160.666666666667,4680.666666666667,4455.666666666667,4293.5,4306.5,4128.666666666667,4380.333333333333,4041.5,3086.3333333333335
690,ID_OJPND0UHKZJT,34.2649011,70.35784562,0,Afghanistan,2503.8333333333335,2618.6666666666665,2411.1666666666665,2240.0,2482.0833333333335,3704.3333333333335,3638.0,3672.6666666666665,2208.6666666666665
695,ID_0WFSUTUVXSPF,34.27679174,70.34446278,1,Afghanistan,1861.1666666666667,1900.25,1964.5833333333333,1898.25,2450.9166666666665,3604.9166666666665,3479.0833333333335,3647.1666666666665,1685.5833333333333
698,ID_XEVFJJGJ5GVM,34.27967958,70.33247377,1,Afghanistan,2866.25,2463.9166666666665,2670.5833333333335,2892.75,3353.8333333333335,3818.75,3808.25,3903.0,2949.6666666666665
700,ID_OMQHS5RIACR1,34.24317874,70.30390067,1,Afghanistan,1816.8333333333333,1741.6666666666667,1800.0,1593.1666666666667,2159.8333333333335,3884.3333333333335,3800.1666666666665,3908.3333333333335,1434.3333333333333
702,ID_Y4G79G92Z32P,34.27110206,70.35483446,1,Afghanistan,2308.75,2515.9166666666665,2580.5,2409.0,2702.5833333333335,3665.1666666666665,3859.6666666666665,3691.9166666666665,2113.6666666666665
704,ID_BOOYHB38R6WL,34.28547034,70.4266858,1,Afghanistan,1067.75,1406.8333333333333,1808.1666666666667,2052.25,2236.0833333333335,3006.5,3164.5833333333335,3137.4166666666665,2661.0
706,ID_0UOKF3J7DE4K,34.30396475,70.37827016,1,Afghanistan,1007.6666666666666,1115.0833333333333,1283.6666666666667,1253.25,1939.1666666666667,3349.4166666666665,3368.3333333333335,3477.1666666666665,1641.25
712,ID_0UPU3EOZMQMA,34.26884823,70.3510082,0,Afghanistan,2528.8333333333335,2065.25,2067.6666666666665,2093.8333333333335,2721.75,3261.9166666666665,3270.0,3303.1666666666665,2588.75
714,ID_QIO5YK010C2B,34.28754161,70.36516893,0,Afghanistan,1388.25,1113.4166666666667,1275.75,1130.8333333333333,1788.25,3810.3333333333335,3916.3333333333335,3936.9166666666665,1509.75
715,ID_3KVZM9GGNILC,34.30260308,70.40015527,0,Afghanistan,2426.1666666666665,2838.4166666666665,3154.8333333333335,3277.5,3337.5833333333335,3661.0,3526.3333333333335,3619.25,3513.3333333333335
721,ID_ZTPER4F6X49X,34.1026096,70.69411834,1,Afghanistan,2535.0,2714.1666666666665,2829.3333333333335,2701.0,3313.1666666666665,4425.0,4463.333333333333,4468.333333333333,2355.3333333333335
722,ID_5EDSR8JNKFN1,34.3117041,70.39649232,0,Afghanistan,1197.4166666666667,1585.0833333333333,1869.6666666666667,1813.0,2494.25,3523.0,3600.9166666666665,3604.5833333333335,2570.0833333333335
727,ID_HGTSM3SUOWOY,34.29469778,70.41759674,0,Afghanistan,2089.0,2471.0,2870.0833333333335,3082.8333333333335,3331.5,3425.1666666666665,3385.0,3415.0833333333335,3420.5
728,ID_KPR2EXPIZPEX,34.30104946,70.37643165,0,Afghanistan,1348.5,1841.9166666666667,2138.4166666666665,2128.6666666666665,2394.3333333333335,3741.8333333333335,3621.5,3851.75,2373.3333333333335
735,ID_VETI66YG9PK7,34.12077987,70.69384823,0,Afghanistan,744.8333333333334,1011.1666666666666,1574.6666666666667,1938.1666666666667,2399.5,2908.0,2894.1666666666665,2944.8333333333335,2838.6666666666665
740,ID_84T5EB5EG8VL,34.30529668,70.39933509,0,Afghanistan,1437.8333333333333,1951.5833333333333,2294.8333333333335,2265.5,2293.0,3596.5833333333335,3748.0833333333335,3674.4166666666665,2163.9166666666665
741,ID_I3S6UERI4CVX,34.24167166,70.31094936,1,Afghanistan,2755.5,2936.5,2572.6666666666665,1927.5,2420.0,4131.333333333333,4726.833333333333,4105.333333333333,1668.6666666666667
742,ID_34AYAB1LEVW2,34.08538734,70.6912668,1,Afghanistan,3394.3333333333335,3216.6666666666665,3006.0,2570.5,3177.1666666666665,4706.5,5013.333333333333,4688.833333333333,1721.3333333333333
744,ID_QWC2Z6LGH1XD,34.29026289,70.37353562,1,Afghanistan,1186.0,973.25,1187.0,1006.5,1801.9166666666667,3883.25,4168.5,4017.0,1591.5
745,ID_Q4HMFRQPX9C7,34.10218392,70.70060661,0,Afghanistan,1949.1666666666667,2347.5,2452.6666666666665,2342.6666666666665,2836.1666666666665,3347.1666666666665,3480.6666666666665,3317.0,2150.5
746,ID_NY499KLMSBQU,34.29550718,70.41609237,0,Afghanistan,2174.4166666666665,2813.1666666666665,3215.8333333333335,3400.6666666666665,3552.0,3673.5,3557.6666666666665,3622.0,3402.6666666666665
748,ID_9VW7VCSOMGHV,34.2555935,70.33198207,1,Afghanistan,1964.5,1789.9166666666667,1619.4166666666667,1373.25,1955.1666666666667,3568.0,3737.5833333333335,3597.5833333333335,1554.3333333333333
751,ID_IA0HWG6J9UPP,34.07909524,70.71177743,1,Afghanistan,1949.1666666666667,1964.3333333333333,1958.5,1605.8333333333333,2189.0,3903.3333333333335,4149.5,3916.3333333333335,1318.6666666666667
757,ID_INDUL05ZKDV7,34.12007119,70.68275342,0,Afghanistan,711.5,879.5,1402.1666666666667,1507.1666666666667,1966.1666666666667,3061.1666666666665,3219.1666666666665,3182.8333333333335,2448.3333333333335
760,ID_WCBHP14BIDGK,34.30208739,70.41214109,0,Afghanistan,1214.3333333333333,970.8333333333334,1269.3333333333333,1238.75,1873.1666666666667,3694.75,3880.5833333333335,3860.0833333333335,2044.6666666666667
761,ID_EHEVAAG5OVYD,34.29534687,70.40341353,1,Afghanistan,1667.5,1645.6666666666667,2028.25,2190.5,2576.0,2936.5833333333335,2854.75,2983.8333333333335,2842.5
762,ID_OLQJXWHJXXBI,34.24935224,70.30547262,0,Afghanistan,2922.0,3190.1666666666665,3225.1666666666665,3251.1666666666665,3320.4166666666665,3323.8333333333335,3566.8333333333335,3300.5833333333335,2985.8333333333335
767,ID_PLG96AG0W25H,34.07983356,70.70838649,0,Afghanistan,2217.6666666666665,2480.3333333333335,2589.3333333333335,2610.6666666666665,3041.1666666666665,3661.0,3903.0,3648.6666666666665,2394.3333333333335
768,ID_FTVG593ESV7J,34.16602943,70.77148668,1,Afghanistan,726.6666666666666,1395.0,1958.6666666666667,2265.1666666666665,2687.3333333333335,3295.6666666666665,3374.6666666666665,3372.5,3209.0
775,ID_9MK8TZTNFPMW,34.25579557,70.35174526,0,Afghanistan,3164.5,4023.8333333333335,3699.1666666666665,3585.1666666666665,3804.5833333333335,3913.5,4041.0,3834.5,2981.5
776,ID_GUF0SUN8R0AX,34.10338219,70.70370289,0,Afghanistan,1742.8333333333333,2041.5,2261.3333333333335,2304.5,2567.3333333333335,2662.3333333333335,2722.6666666666665,2585.5,2431.6666666666665
778,ID_JBFTN6GD5D66,34.1731694,70.77218754,0,Afghanistan,880.0,1302.6666666666667,1827.6666666666667,2178.8333333333335,2430.3333333333335,2817.8333333333335,2979.8333333333335,2931.6666666666665,3106.5
791,ID_E58V7AAL5SXZ,34.16202446,70.76237605,0,Afghanistan,779.8333333333334,1162.3333333333333,1645.1666666666667,2095.3333333333335,2440.8333333333335,2733.3333333333335,2747.3333333333335,2833.5,3273.0
793,ID_3TXXF6824U60,34.29352519,70.42682118,0,Afghanistan,2079.6666666666665,2248.9166666666665,2637.8333333333335,2759.6666666666665,2954.75,3010.4166666666665,2977.6666666666665,2974.5833333333335,3064.9166666666665
794,ID_89W2TPXQV4GF,34.29853421,70.38972872,1,Afghanistan,1473.0,1482.5833333333333,1882.5833333333333,1780.25,2262.4166666666665,3508.8333333333335,3738.5,3514.9166666666665,2191.0833333333335
795,ID_FDHS3Y6YIR1C,34.30712957,70.3796555,1,Afghanistan,2177.1666666666665,2035.25,2372.1666666666665,2469.5,2846.8333333333335,3164.9166666666665,3136.6666666666665,3202.25,2750.6666666666665
797,ID_PC2YKKTPD6CH,34.29051993,70.40713331,0,Afghanistan,1911.8333333333333,2292.1666666666665,2622.75,2800.1666666666665,2886.5833333333335,2928.9166666666665,2978.9166666666665,2925.4166666666665,3020.0833333333335
799,ID_LG2WATALLKN6,34.26180491,70.36023888,0,Afghanistan,3471.6666666666665,3407.9166666666665,3406.5833333333335,3256.75,3577.25,3889.3333333333335,4044.8333333333335,3868.8333333333335,2945.8333333333335
805,ID_RMCE9D7IYTAE,34.28686794,70.34099577,0,Afghanistan,2116.25,2495.5,2802.6666666666665,2912.1666666666665,2947.5833333333335,3397.25,3462.5833333333335,3417.75,3044.5833333333335
808,ID_0J6C9UOYGZ7M,34.30152294,70.40080268,1,Afghanistan,1356.4166666666667,1891.25,2248.3333333333335,2527.3333333333335,2865.1666666666665,3256.75,3308.6666666666665,3334.3333333333335,2901.9166666666665
809,ID_1S2K2LTVAHM6,34.11975211,70.7539169,0,Afghanistan,711.6666666666666,1355.0,1856.1666666666667,2229.8333333333335,2547.8333333333335,2854.3333333333335,2913.6666666666665,2922.0,3178.5
811,ID_HFMHA8YD8Y2X,34.14500236,70.75133445,0,Afghanistan,1008.3333333333334,1633.3333333333333,2181.0,2612.1666666666665,2688.0,2841.0,2991.3333333333335,2926.0,3518.8333333333335
814,ID_QA1I9O27BBD5,34.30132475,70.42416045,1,Afghanistan,1068.25,1463.0833333333333,1924.0,2211.9166666666665,2526.8333333333335,3508.5833333333335,3736.3333333333335,3710.75,2541.8333333333335
815,ID_OJ8J05J2NDVS,34.05667514,70.66142031,0,Afghanistan,4379.666666666667,3541.5,3618.5,3483.6666666666665,4166.5,4732.333333333333,4303.666666666667,4663.333333333333,2912.6666666666665
816,ID_LQ227VHHYQAY,34.29606061,70.36995579,0,Afghanistan,2632.4166666666665,3017.6666666666665,3152.5833333333335,3247.0,3550.0,3617.9166666666665,3732.1666666666665,3600.9166666666665,3540.4166666666665
818,ID_HG77TH9IASHK,34.2870228,70.33767397,1,Afghanistan,2523.5833333333335,2555.75,2824.0833333333335,3027.75,3512.5833333333335,3957.25,3862.25,3977.0,3067.3333333333335
819,ID_2BAPSQCW7CVR,34.29150844,70.40821889,0,Afghanistan,2053.75,2136.6666666666665,2459.6666666666665,2685.6666666666665,2886.5,2997.9166666666665,2920.4166666666665,3028.1666666666665,3127.5
820,ID_0YTEIUA7FS6V,34.0931037,70.75165057,1,Afghanistan,403.0,378.5,819.0,956.6666666666666,1549.8333333333333,3098.1666666666665,3270.8333333333335,3292.1666666666665,1674.6666666666667
822,ID_DZ0ASIZIIPFI,34.3122807,70.38906799,1,Afghanistan,1029.5,1425.3333333333333,1763.6666666666667,1901.8333333333333,2190.6666666666665,3572.0,3612.4166666666665,3729.4166666666665,1876.25
824,ID_DAIGFK3AT6SK,34.29479237,70.39973823,1,Afghanistan,1496.0833333333333,1886.25,2233.1666666666665,2451.5833333333335,2669.1666666666665,3003.8333333333335,3041.75,3070.5,2908.5
825,ID_6YQYMF69AM0P,34.09716053,70.75051432,1,Afghanistan,713.6666666666666,434.5,854.3333333333334,941.6666666666666,1537.6666666666667,3390.3333333333335,3531.0,3633.6666666666665,1763.6666666666667
826,ID_Z0FMR5D6IW5I,34.2830683,70.34381125,1,Afghanistan,1705.5833333333333,2209.0,2585.8333333333335,2707.5833333333335,3117.0833333333335,3636.6666666666665,3768.3333333333335,3698.5833333333335,2831.5
835,ID_THUM4VQJD2WE,34.24600587,70.29788732,0,Afghanistan,3647.8333333333335,3606.3333333333335,3824.5,4053.1666666666665,4209.5,4182.833333333333,4114.666666666667,4138.166666666667,3639.8333333333335
836,ID_D7LQANIDQBRP,34.26662926,70.36835074,0,Afghanistan,2829.1666666666665,3097.75,3286.6666666666665,3383.0,3453.4166666666665,3520.25,3505.6666666666665,3497.6666666666665,3159.0833333333335
837,ID_Y462DG9G355B,34.09280972,70.66773005,1,Afghanistan,2627.1666666666665,2717.5,2889.1666666666665,2914.0,3179.1666666666665,3923.6666666666665,4067.1666666666665,3960.0,2633.8333333333335
840,ID_1SHU6WUR7OQD,34.09857832,70.69616206,0,Afghanistan,3596.5,3536.6666666666665,3571.6666666666665,3610.5,4036.0,3996.5,3909.5,3937.5,3187.6666666666665
843,ID_F41TFOL8PF88,34.28415824,70.34923252,1,Afghanistan,1627.4166666666667,1837.25,2205.1666666666665,2316.4166666666665,2743.3333333333335,3698.5833333333335,3714.5,3784.5833333333335,2403.0833333333335
845,ID_2NAL788ZSLC3,34.25527557,70.35743387,1,Afghanistan,2853.75,3071.0,3059.1666666666665,2825.0,3294.5833333333335,3858.5833333333335,4291.416666666667,3853.25,2389.9166666666665
846,ID_6O40E83GVRSG,34.09735861,70.75529491,0,Afghanistan,1184.3333333333333,1782.3333333333333,2239.0,2479.8333333333335,2203.0,2568.8333333333335,2783.8333333333335,2664.5,2758.3333333333335
848,ID_HPX4ZCC7YCS1,34.29604347,70.4212875,0,Afghanistan,2192.1666666666665,2514.6666666666665,3007.5,3317.0833333333335,3553.75,3619.0833333333335,3522.5,3615.25,3674.5
854,ID_RCI9OPKUU9K2,34.12480963,70.68735325,1,Afghanistan,314.1666666666667,152.0,552.3333333333334,447.8333333333333,1014.0,2998.3333333333335,3248.6666666666665,3110.3333333333335,1392.8333333333333
855,ID_4JCWXGVL735R,34.11019473,70.70703704,0,Afghanistan,1825.1666666666667,2447.8333333333335,2826.8333333333335,2999.3333333333335,3311.6666666666665,3582.5,3607.3333333333335,3602.6666666666665,3173.5
859,ID_OF8ANXERJOMZ,34.09333668,70.75731312,0,Afghanistan,1214.0,1561.0,2096.6666666666665,2506.0,2847.6666666666665,3136.0,3206.8333333333335,3208.5,3391.0
863,ID_RTAIZ246LB87,34.27082169,70.34268469,1,Afghanistan,2622.0,1685.25,1648.0833333333333,1548.3333333333333,2353.75,3105.5,2842.8333333333335,3161.25,1935.25
870,ID_I5WGZ9UTOCJQ,34.26849307,70.34987415,1,Afghanistan,2326.5833333333335,2038.0833333333333,2187.6666666666665,2176.4166666666665,2553.3333333333335,3458.75,3493.5833333333335,3545.5833333333335,2241.4166666666665
872,ID_YIXDLKPWC4FB,34.28347829,70.34237767,1,Afghanistan,1739.25,2002.3333333333333,2391.0833333333335,2393.8333333333335,2791.5833333333335,3458.5833333333335,3628.9166666666665,3566.0,2705.5
873,ID_FTZXRVIWFK2E,34.281846,70.3420682,0,Afghanistan,1835.9166666666667,2727.5,3018.3333333333335,3175.5,3201.1666666666665,3413.0,3637.0,3437.0833333333335,2965.1666666666665
875,ID_9EU0DH7XCXQJ,34.12124216,70.75769217,0,Afghanistan,399.6666666666667,1438.6666666666667,2020.6666666666667,2321.6666666666665,2213.5,3165.8333333333335,3176.3333333333335,3272.6666666666665,2633.8333333333335
876,ID_0EFVK1SGR2SJ,34.12012097,70.68869916,0,Afghanistan,207.33333333333334,493.6666666666667,899.5,968.0,1364.0,2742.6666666666665,2766.8333333333335,2869.3333333333335,1742.3333333333333
878,ID_6WYCFMB4OXHU,34.2781947,70.32845328,0,Afghanistan,2586.3333333333335,2218.1666666666665,2642.4166666666665,2898.0,3148.5,3220.3333333333335,3140.8333333333335,3182.25,3025.3333333333335
880,ID_0UIRWBPQGYJN,34.29320987,70.3419697,0,Afghanistan,2379.9166666666665,3211.9166666666665,3258.3333333333335,3440.1666666666665,3567.4166666666665,3538.8333333333335,3619.4166666666665,3412.4166666666665,3639.25
881,ID_00MJRGGCU6WE,34.14171912,70.75385026,0,Afghanistan,600.0,1218.3333333333333,1741.8333333333333,2104.3333333333335,2429.8333333333335,3118.5,3001.6666666666665,3251.3333333333335,2870.6666666666665
882,ID_GVPWK2O7UPM4,34.26256666,70.33833261,0,Afghanistan,2554.6666666666665,2969.0,3110.8333333333335,3118.75,2996.9166666666665,3038.25,3310.1666666666665,3039.6666666666665,2709.0
883,ID_CZ9C033YKQPQ,34.27150445,70.34795236,1,Afghanistan,1743.4166666666667,2243.5,2580.6666666666665,2519.0833333333335,2951.75,3485.25,3665.0833333333335,3479.5,2493.9166666666665
887,ID_457173Z6182K,34.24441158,70.29785947,0,Afghanistan,3448.5,2878.6666666666665,3093.0,3373.0,3679.1666666666665,3733.0,3304.0,3733.0,3367.6666666666665
891,ID_F8BV89TZJ33W,34.30926578,70.39092916,1,Afghanistan,1005.0,878.75,1161.5,1085.0,1757.0833333333333,3575.4166666666665,3655.8333333333335,3756.9166666666665,1482.0
893,ID_6P6XU02WLLFH,34.06263393,70.66422228,1,Afghanistan,3307.3333333333335,2958.6666666666665,2957.0,2560.3333333333335,3110.3333333333335,4676.833333333333,4687.333333333333,4616.666666666667,1872.8333333333333
897,ID_0J55X8JBK9RF,34.25759386,70.35742601,0,Afghanistan,2477.25,2959.3333333333335,3040.6666666666665,3014.0,3009.5833333333335,3813.5833333333335,3735.0833333333335,3787.0833333333335,2442.8333333333335
902,ID_60K7SKOGNGNP,34.2977152,70.41296804,1,Afghanistan,1295.3333333333333,1227.9166666666667,1697.4166666666667,1725.1666666666667,2457.6666666666665,3664.9166666666665,3830.4166666666665,3747.8333333333335,2335.6666666666665
906,ID_YOP9PVE96EMA,34.28677609,70.3345845,0,Afghanistan,2978.5833333333335,2884.25,3146.0833333333335,3243.75,3493.0,3779.0,3781.0833333333335,3767.6666666666665,3449.4166666666665
908,ID_PYCR05IA2YVN,34.29612479,70.39554111,1,Afghanistan,2135.5,1857.25,2262.1666666666665,2484.5,2794.5833333333335,2997.8333333333335,3010.5,3032.4166666666665,3066.9166666666665
910,ID_J3GNSGW4EM5S,34.29573995,70.36658904,0,Afghanistan,3214.5,3069.8333333333335,3243.5833333333335,3344.75,3574.1666666666665,3614.6666666666665,3615.5,3602.9166666666665,3382.0833333333335
911,ID_MBTQ2UE1BPOL,34.23918434,70.29861094,1,Afghanistan,2351.3333333333335,2072.3333333333335,2103.3333333333335,1795.5,2281.5,4498.0,4579.333333333333,4487.333333333333,1416.0
912,ID_TSJHODO5F07C,34.29258498,70.37183501,1,Afghanistan,1476.6666666666667,1932.4166666666667,2066.75,2125.25,2590.4166666666665,3617.0,3788.3333333333335,3742.8333333333335,2297.3333333333335
916,ID_96J5XW6OWECO,34.28664526,70.36941253,1,Afghanistan,1704.6666666666667,1776.0,2009.6666666666667,1925.5,2528.3333333333335,3973.3333333333335,3777.25,3971.75,2239.6666666666665
922,ID_ISQVJW9ATJQ3,34.2489507,70.31293549,1,Afghanistan,2192.5833333333335,1812.6666666666667,1668.1666666666667,1476.4166666666667,1891.6666666666667,4196.25,4192.5,4189.666666666667,1245.8333333333333
923,ID_IU71LWOGFPFR,34.28579703,70.3757329,1,Afghanistan,1772.0,1505.0,1551.4166666666667,1513.5833333333333,2129.1666666666665,3365.75,3506.9166666666665,3465.9166666666665,1931.3333333333333
924,ID_2HCP6WLQIRQ6,34.08948823,70.69684896,0,Afghanistan,4160.0,4199.0,4391.333333333333,4515.0,4870.0,4714.166666666667,4703.5,4627.5,3528.1666666666665
925,ID_ZHUCM7DVXYX5,34.08219851,70.70610503,0,Afghanistan,3298.0,3567.0,3794.6666666666665,4025.5,4253.666666666667,4239.5,4330.0,4214.5,3772.3333333333335
929,ID_GZIZMPT4FI0Q,34.16203701,70.76630245,1,Afghanistan,368.6666666666667,664.0,1175.0,1672.0,2204.8333333333335,3080.3333333333335,3234.6666666666665,3355.3333333333335,2459.8333333333335
931,ID_NF3FVY8MP322,34.26905012,70.36065098,1,Afghanistan,1978.5,1929.25,1853.6666666666667,1767.9166666666667,2343.3333333333335,3824.1666666666665,4098.916666666667,3890.4166666666665,2015.75
932,ID_ZUBD7JBTTH59,34.23797395,70.29871054,0,Afghanistan,3548.8333333333335,3471.0,3789.0,4078.8333333333335,4414.166666666667,4434.666666666667,4244.666666666667,4364.5,3686.6666666666665
933,ID_TKKR9GB7POPT,34.07887041,70.6931875,0,Afghanistan,3783.0,3504.3333333333335,3605.1666666666665,3673.1666666666665,3913.6666666666665,4058.1666666666665,3902.5,3973.5,2718.5
939,ID_1K25M2JRTT1Z,34.1529642,70.76213961,0,Afghanistan,950.5,1406.6666666666667,1918.6666666666667,2280.3333333333335,2469.3333333333335,2714.3333333333335,2773.6666666666665,2813.5,3683.3333333333335
940,ID_KYS0NKJWMYWM,34.2952054,70.39737316,1,Afghanistan,1500.3333333333333,1898.4166666666667,2240.1666666666665,2471.0,2479.1666666666665,3205.25,3091.1666666666665,3293.9166666666665,2617.0
941,ID_4GKHHEF1BLUX,34.09045403,70.65787634,1,Afghanistan,946.8333333333334,932.3333333333334,1146.0,1024.3333333333333,1550.3333333333333,2901.0,3104.0,2977.8333333333335,1488.8333333333333
942,ID_BCIXULACS2IB,34.17375887,70.77621761,1,Afghanistan,466.3333333333333,656.5,1187.3333333333333,1629.3333333333333,2216.5,3091.0,3216.6666666666665,3305.6666666666665,2633.1666666666665
948,ID_TKOY18VGORC2,34.28399702,70.4261843,0,Afghanistan,1522.1666666666667,1945.5833333333333,2401.0,2683.0,2825.4166666666665,3013.6666666666665,3040.75,3019.6666666666665,3085.75
954,ID_7VG3PXFS02IU,34.26039589,70.32613052,0,Afghanistan,3000.8333333333335,3315.0,3245.5833333333335,3332.9166666666665,3300.9166666666665,3304.5833333333335,3372.9166666666665,3268.5,2783.8333333333335
961,ID_SLUY55H6RBZZ,34.10043777,70.69671309,0,Afghanistan,3503.8333333333335,3747.5,3853.0,3996.3333333333335,4347.333333333333,4350.833333333333,4434.666666666667,4318.5,3649.6666666666665
963,ID_QVFPH6UZNR5Q,34.08827172,70.66563535,0,Afghanistan,3500.3333333333335,3688.0,3893.3333333333335,4059.6666666666665,4574.0,4549.0,4412.666666666667,4502.666666666667,3684.5
966,ID_FYMC4NTREXUJ,34.08781642,70.66196827,0,Afghanistan,2575.3333333333335,2906.6666666666665,3314.3333333333335,3504.0,3893.1666666666665,3841.1666666666665,3685.6666666666665,3818.5,3399.6666666666665
975,ID_VXOZE3A9QFAJ,34.07865862,70.69594725,0,Afghanistan,4250.5,4199.333333333333,4246.333333333333,4242.333333333333,4491.0,4370.833333333333,4417.833333333333,4260.5,3017.8333333333335
981,ID_6DSBWW18KX0K,34.28655719,70.33148399,0,Afghanistan,2927.4166666666665,3259.9166666666665,3285.5,3396.3333333333335,3600.3333333333335,3578.1666666666665,3698.8333333333335,3511.75,3548.75
988,ID_46ZXJKMEROXH,34.24684515,70.31812906,1,Afghanistan,4365.416666666667,2915.0833333333335,2922.0,2766.1666666666665,3295.3333333333335,4639.25,4258.0,4611.75,2194.0
990,ID_6FP2ZN7ORO3O,34.09115361,70.69572359,0,Afghanistan,4244.333333333333,4295.666666666667,4506.0,4682.333333333333,4997.166666666667,4885.666666666667,4916.666666666667,4826.166666666667,3641.1666666666665
991,ID_OOO2GTH1KB0X,34.11833033,70.75773264,1,Afghanistan,50.166666666666664,76.16666666666667,408.0,379.6666666666667,933.5,3653.8333333333335,3698.0,3869.6666666666665,1165.1666666666667
995,ID_VXTCXFC5EUII,34.1452918,70.75286085,0,Afghanistan,903.0,1641.0,2177.8333333333335,2588.3333333333335,2754.1666666666665,2981.5,3093.6666666666665,3069.5,3584.1666666666665
996,ID_ZCOC1XS3VNT8,34.23945879,70.31413011,1,Afghanistan,3182.0,3808.3333333333335,3167.8333333333335,2588.0,2986.1666666666665,4407.0,4480.5,4319.833333333333,1621.5
1001,ID_S15FASZ530NV,34.26585958,70.3412345,1,Afghanistan,2067.4166666666665,2130.6666666666665,2331.8333333333335,2393.1666666666665,2616.5833333333335,3152.5,3183.3333333333335,3235.9166666666665,2324.8333333333335
1004,ID_WV4Y5CLCTAQG,34.28485291,70.40123883,1,Afghanistan,1015.3333333333334,567.0,953.0,740.75,1311.0833333333333,4645.833333333333,4569.5,4729.5,1515.0833333333333
1009,ID_Q039XZMWTLLN,34.25189983,70.31931124,1,Afghanistan,2578.25,2521.8333333333335,2506.3333333333335,2463.8333333333335,2803.4166666666665,3971.5833333333335,3783.0833333333335,3839.1666666666665,2091.5
1011,ID_PH0AW4AKR5V5,34.24033472,70.31057213,0,Afghanistan,3574.5,3265.0,3165.3333333333335,3106.0,3311.8333333333335,3384.5,3233.6666666666665,3358.3333333333335,2689.1666666666665
1013,ID_ZM1B4NEGKIUG,34.0967067,70.75666236,0,Afghanistan,1232.6666666666667,1654.0,2227.3333333333335,2558.8333333333335,2912.0,3182.8333333333335,3162.8333333333335,3210.6666666666665,3314.3333333333335
1015,ID_XET8K8AQW53C,34.27545538,70.33686483,0,Afghanistan,2076.1666666666665,2037.5833333333333,2191.75,2396.8333333333335,2646.1666666666665,3066.25,3057.5833333333335,3133.75,2483.25
1017,ID_DC2OH80ODACD,34.1436344,70.75657142,1,Afghanistan,451.1666666666667,166.33333333333334,508.5,433.3333333333333,1073.0,3750.5,3914.6666666666665,3875.1666666666665,1664.6666666666667
1018,ID_3B6XBYOCLBL1,34.26219107,70.33583929,1,Afghanistan,1899.0833333333333,1709.4166666666667,1765.0833333333333,1694.75,2094.0,3221.5833333333335,3403.1666666666665,3331.4166666666665,1739.1666666666667
1020,ID_NPOVYKZ1N4TH,34.30392685,70.42319188,1,Afghanistan,1406.6666666666667,1752.5833333333333,2240.4166666666665,2554.9166666666665,2785.5,3105.5,3154.0,3195.5833333333335,3133.5
1024,ID_N9S9JU7VVP7O,34.25991024,70.36064753,0,Afghanistan,2507.5833333333335,1985.1666666666667,1992.0,1726.4166666666667,2426.3333333333335,3935.0,4218.666666666667,4016.9166666666665,1967.9166666666667
1027,ID_1KG93CLVR7GF,34.28244749,70.34010697,1,Afghanistan,1469.25,1870.25,2160.6666666666665,2224.75,2699.0833333333335,3834.6666666666665,3817.1666666666665,3923.3333333333335,2183.0
1033,ID_EP9DO700AJMA,34.304079,70.40108156,0,Afghanistan,2987.75,3156.0,3424.0,3496.9166666666665,3642.0833333333335,3542.4166666666665,3457.0,3445.1666666666665,3725.1666666666665
1034,ID_D7H1G66BWLYE,34.25149981,70.316454,1,Afghanistan,1836.3333333333333,1671.5,1649.3333333333333,1465.25,1845.0833333333333,4451.583333333333,4421.916666666667,4424.916666666667,1150.8333333333333
1035,ID_TTNE1JCO97BU,34.24440531,70.32328183,1,Afghanistan,3808.0,3293.3333333333335,3480.0,3260.1666666666665,3786.5,4966.0,5081.166666666667,4833.833333333333,2111.1666666666665
1039,ID_KEFZXI71FIEF,34.13171976,70.74063794,0,Afghanistan,724.1666666666666,955.8333333333334,1483.6666666666667,1595.0,2287.5,3141.1666666666665,3071.6666666666665,3255.1666666666665,2825.5
1040,ID_RREZ3XT9684C,34.28766657,70.34536265,0,Afghanistan,2394.0833333333335,2233.6666666666665,2405.1666666666665,2945.1666666666665,3210.75,3345.5,3215.3333333333335,3397.5833333333335,3365.8333333333335
1050,ID_GIJ5OFONAW9L,34.29833329,70.42277352,0,Afghanistan,1194.0833333333333,1722.4166666666667,2174.1666666666665,2390.4166666666665,2849.4166666666665,3441.25,3434.0,3537.9166666666665,3014.0
1054,ID_VWI8PZPOCHR7,34.10334559,70.698514,0,Afghanistan,2316.5,2372.1666666666665,2438.6666666666665,2303.5,3092.5,3961.3333333333335,4210.0,3918.5,2528.0
1057,ID_GASLS22DTQVM,34.2552068,70.32341954,1,Afghanistan,1749.1666666666667,1616.0,1616.8333333333333,1329.1666666666667,1852.0833333333333,3775.8333333333335,3978.25,3873.6666666666665,1213.25
1059,ID_85B4MACWYFI8,34.28606546,70.34927337,0,Afghanistan,1753.5,1847.9166666666667,2068.1666666666665,2191.5,2460.0833333333335,3508.8333333333335,3479.0,3572.5833333333335,2134.4166666666665
1064,ID_4YCTD63SKOFH,34.08074805,70.70493269,0,Afghanistan,3420.5,3515.6666666666665,3698.5,3878.8333333333335,4270.166666666667,4252.333333333333,4203.166666666667,4215.166666666667,3573.3333333333335
1067,ID_PV42FZ758NCZ,34.09440642,70.69130387,1,Afghanistan,3061.6666666666665,2853.6666666666665,2809.0,2451.8333333333335,3217.5,3981.6666666666665,3923.8333333333335,4100.166666666667,1575.5
1070,ID_1PA7YNFD8HVG,34.24578909,70.31966074,0,Afghanistan,3193.8333333333335,3617.1666666666665,3224.8333333333335,2846.0,3257.0,3801.6666666666665,3998.3333333333335,3753.6666666666665,2145.5
1072,ID_0YCR89AUZH4L,34.08094044,70.69287505,0,Afghanistan,3548.3333333333335,3222.3333333333335,3179.6666666666665,3020.3333333333335,3328.1666666666665,4351.166666666667,4412.0,4312.666666666667,1972.6666666666667
1076,ID_B3IOO12YSATL,34.28131254,70.40328543,1,Afghanistan,1102.5,1489.3333333333333,1925.6666666666667,2126.0833333333335,2471.0,2965.4166666666665,3030.3333333333335,3026.0833333333335,2812.5
1077,ID_IYMI33N8Y6TK,34.12121405,70.69519121,0,Afghanistan,675.5,1199.0,1687.6666666666667,2064.3333333333335,2412.1666666666665,2716.5,2845.5,2845.6666666666665,3072.1666666666665
1079,ID_T2OB06WZ3ETL,34.24958156,70.31626609,1,Afghanistan,2326.25,2657.5,2381.75,2119.5833333333335,2337.6666666666665,4208.166666666667,4031.6666666666665,4246.916666666667,1542.75
1086,ID_RQYV03ZBXMHJ,34.30241818,70.40708979,1,Afghanistan,1227.1666666666667,1225.0,1518.5833333333333,1338.5,2021.25,3931.25,4065.6666666666665,4048.0833333333335,1829.75
1088,ID_E90BQI387WNG,34.2949046,70.40930376,0,Afghanistan,2164.9166666666665,2482.1666666666665,2876.1666666666665,3080.4166666666665,3183.3333333333335,3187.3333333333335,3193.5833333333335,3172.6666666666665,3305.6666666666665
1090,ID_UY65FYJ47JF4,34.29042973,70.40409015,1,Afghanistan,1466.75,1686.0833333333333,2080.5,2281.9166666666665,2701.3333333333335,3349.75,3402.6666666666665,3435.25,2650.0
1094,ID_GO3KFN2EVP8N,34.28486437,70.37251556,0,Afghanistan,1958.75,2385.0,2621.4166666666665,2711.6666666666665,2819.0833333333335,3515.5833333333335,3466.0,3634.5,2786.3333333333335
1098,ID_UWUHQ77WMSGE,34.30730164,70.41277834,0,Afghanistan,2019.8333333333333,2545.1666666666665,2949.5,3173.1666666666665,3363.25,3493.25,3476.3333333333335,3475.0833333333335,3531.25
1100,ID_XYCITS3H762L,34.30367618,70.40509654,1,Afghanistan,1122.9166666666667,1032.1666666666667,1281.6666666666667,1122.0,1755.75,3885.5833333333335,3879.6666666666665,4067.6666666666665,1598.25
1101,ID_H24XI1SSTEV2,34.28620796,70.33984125,1,Afghanistan,2106.8333333333335,1640.6666666666667,1853.1666666666667,1717.3333333333333,2484.8333333333335,3755.5,3570.0833333333335,3806.5,2139.4166666666665
1104,ID_X4Y7OMF3MXBP,34.2888197,70.36841226,1,Afghanistan,1806.9166666666667,1782.75,1952.5833333333333,1942.5833333333333,2076.25,3717.75,3630.75,3779.5833333333335,1934.3333333333333
1105,ID_NRKNRGRJSPKV,34.30439667,70.41346762,0,Afghanistan,991.9166666666666,746.1666666666666,1114.0,1085.1666666666667,1952.75,4067.5833333333335,4373.666666666667,4213.333333333333,1876.75
1106,ID_IV5MUQHNINQA,34.30525769,70.37235744,1,Afghanistan,1970.25,2729.4166666666665,3024.1666666666665,3144.5,3226.8333333333335,3572.9166666666665,3738.4166666666665,3633.6666666666665,3121.5
1108,ID_NOUB7DPHJWJ9,34.08299518,70.69157514,0,Afghanistan,3859.6666666666665,4142.666666666667,4205.0,4124.0,4404.166666666667,4354.0,4542.0,4227.333333333333,3120.3333333333335
1109,ID_QI97BXXP8LR0,34.29251315,70.4188235,0,Afghanistan,2245.0833333333335,2505.6666666666665,2834.5,3005.25,3245.9166666666665,3278.75,3134.0833333333335,3224.6666666666665,3230.0833333333335
1111,ID_LJ9NSG4H9SO2,34.25954822,70.32174625,1,Afghanistan,2767.4166666666665,2097.9166666666665,2268.0,1981.25,2521.4166666666665,3828.1666666666665,3813.5,3849.9166666666665,1869.6666666666667
1115,ID_OADA1T8T45Z5,34.268653,70.34800566,0,Afghanistan,2085.9166666666665,2353.0833333333335,2581.3333333333335,2676.4166666666665,2757.6666666666665,3016.3333333333335,3213.8333333333335,3054.9166666666665,2604.8333333333335
1127,ID_YFQAG194QZVB,34.30929044,70.36840248,0,Afghanistan,2641.4166666666665,2804.8333333333335,3093.6666666666665,3210.3333333333335,3439.75,3539.3333333333335,3458.5833333333335,3479.0,3349.4166666666665
1128,ID_A5QZG0MSVNAF,34.26660058,70.3391134,0,Afghanistan,1892.0,2476.4166666666665,2665.25,2708.5,2678.9166666666665,3009.9166666666665,3138.25,3063.5833333333335,2544.0
1132,ID_5S8Z17JHZLRK,34.14301193,70.74752292,1,Afghanistan,620.0,771.6666666666666,1156.1666666666667,1231.6666666666667,1988.0,3181.3333333333335,3379.3333333333335,3317.1666666666665,2621.3333333333335
1135,ID_EJ315KRK6NXM,34.09201583,70.74973485,0,Afghanistan,537.5,1255.5,1732.0,2032.0,2400.1666666666665,3046.6666666666665,2930.6666666666665,3129.0,2889.5
1141,ID_MG4VJHC1EBM3,34.07794681,70.70552781,1,Afghanistan,2481.3333333333335,2775.6666666666665,2782.3333333333335,2735.6666666666665,3233.8333333333335,3687.0,3779.0,3677.6666666666665,2432.5
1142,ID_ZFRFU0RKXHUX,34.25244077,70.3389708,1,Afghanistan,1715.8333333333333,2007.3333333333333,1729.5,1422.8333333333333,1950.8333333333333,4036.0833333333335,4104.75,4103.416666666667,1553.9166666666667
1144,ID_FONQUINQ5BAM,34.28385825,70.38233505,0,Afghanistan,1408.3333333333333,1585.9166666666667,1701.8333333333333,1599.75,1945.5,3342.5,3385.6666666666665,3385.3333333333335,1930.6666666666667
1147,ID_KSO5G7NNLH34,34.23812961,70.31179929,1,Afghanistan,3487.5,2989.6666666666665,2942.5,2521.0,3152.5,5031.166666666667,5245.333333333333,5030.5,1746.0
1151,ID_7O1SFF84N7I0,34.25925461,70.3658257,1,Afghanistan,2110.6666666666665,2088.3333333333335,2081.75,1782.4166666666667,2301.9166666666665,4403.75,4673.333333333333,4460.5,1568.3333333333333
1154,ID_QLEBSXLYHWD1,34.27412489,70.33708543,0,Afghanistan,1797.4166666666667,1499.5833333333333,1656.1666666666667,1580.75,1914.9166666666667,3091.25,2935.9166666666665,3213.3333333333335,1633.3333333333333
1158,ID_CCPIO5CN7U3E,34.30573171,70.41630948,1,Afghanistan,1446.4166666666667,2013.75,2477.5,2801.0,3072.3333333333335,3425.25,3546.8333333333335,3501.9166666666665,3222.0833333333335
1159,ID_01MH7OHC15AN,34.26655971,70.33675162,1,Afghanistan,1539.4166666666667,1490.4166666666667,1626.25,1594.0,2021.8333333333333,3376.5,3397.25,3437.5833333333335,1593.5833333333333
1162,ID_Q4Y79W2AUC6J,34.2657326,70.36394265,1,Afghanistan,1874.6666666666667,2032.1666666666667,2066.4166666666665,1822.5,2385.4166666666665,4109.166666666667,4076.5,4118.083333333333,1794.1666666666667
1166,ID_M7E264DYIP22,34.27938097,70.33846564,1,Afghanistan,1797.25,1761.3333333333333,1789.25,1673.1666666666667,2274.0,3573.0833333333335,3944.6666666666665,3676.0833333333335,1822.4166666666667
1172,ID_GYP2IJZXAXRK,34.24741423,70.30358005,0,Afghanistan,3288.0,3050.9166666666665,3207.1666666666665,3312.3333333333335,3514.6666666666665,3530.3333333333335,3535.3333333333335,3488.6666666666665,3123.25
1174,ID_HHFL535Z82AA,34.11012837,70.7022327,1,Afghanistan,1562.3333333333333,1588.8333333333333,1792.6666666666667,1743.6666666666667,2139.0,3522.8333333333335,3948.1666666666665,3683.8333333333335,2129.8333333333335
1175,ID_PN0EPOTPCRLE,34.25866903,70.34088348,1,Afghanistan,1438.0,1501.5,1660.5833333333333,1516.0833333333333,1963.4166666666667,3477.5833333333335,3302.0,3489.0,1673.8333333333333
1177,ID_5S5FHDZQQHV5,34.25533229,70.3105521,0,Afghanistan,2761.75,2667.5,2780.75,2891.4166666666665,3080.3333333333335,3099.25,3127.1666666666665,3097.1666666666665,2935.9166666666665
1178,ID_JR8874G9ZUES,34.26568386,70.33051637,1,Afghanistan,1651.6666666666667,1595.0833333333333,1597.25,1311.5833333333333,1859.5833333333333,3945.8333333333335,3846.8333333333335,4037.3333333333335,1295.5
1179,ID_TRQ2F7U4HHLT,34.27646159,70.33601853,1,Afghanistan,2230.0,1560.4166666666667,1763.6666666666667,1835.1666666666667,2513.1666666666665,3565.1666666666665,3545.1666666666665,3707.25,2150.6666666666665
1182,ID_M6NT8LSZ0120,34.29643452,70.37350249,1,Afghanistan,1261.9166666666667,1385.9166666666667,1453.0833333333333,1347.3333333333333,2046.5833333333333,3937.4166666666665,4137.666666666667,4131.666666666667,1928.25
1188,ID_KBDGFP8MKLVM,34.12562306,70.68805715,1,Afghanistan,387.0,736.3333333333334,1182.0,1343.3333333333333,1619.0,2903.3333333333335,2819.1666666666665,3023.5,2168.5
1195,ID_7ZZCM8D04TP8,34.11763149,70.68127499,0,Afghanistan,794.6666666666666,793.3333333333334,1297.1666666666667,1533.8333333333333,1754.6666666666667,2412.6666666666665,2439.6666666666665,2543.3333333333335,2362.0
1198,ID_L981DGI8400S,34.24625968,70.31155736,0,Afghanistan,2414.3333333333335,3342.25,3262.6666666666665,3072.5833333333335,3149.6666666666665,3657.25,3738.5833333333335,3675.9166666666665,2319.25
1199,ID_2WAN47I5WQ0P,34.28944207,70.34984107,0,Afghanistan,2658.5833333333335,2868.1666666666665,2985.3333333333335,3012.75,3248.3333333333335,3264.1666666666665,3219.6666666666665,3235.5,3058.6666666666665
1205,ID_KXLCJWLOXHE0,34.24997542,70.34991713,0,Afghanistan,4437.666666666667,3712.9166666666665,3585.6666666666665,3292.0833333333335,3886.5833333333335,4598.083333333333,4386.333333333333,4555.0,2639.8333333333335
1207,ID_5A0JOVYJZAKT,34.12991578,70.7370495,1,Afghanistan,1291.3333333333333,929.5,1385.6666666666667,1443.5,2306.1666666666665,3296.3333333333335,3536.6666666666665,3417.8333333333335,2641.1666666666665
1210,ID_0WMK63H88457,34.29924151,70.42139123,1,Afghanistan,1014.5833333333334,1071.0,1522.25,1482.25,2262.75,3975.9166666666665,4167.333333333333,4138.833333333333,2176.0
1212,ID_RVOQ3EVGT58Y,34.30105951,70.4037426,0,Afghanistan,1553.8333333333333,2046.4166666666667,2378.0,2589.8333333333335,2729.3333333333335,3252.0833333333335,3270.1666666666665,3321.3333333333335,2808.5
1214,ID_V0Y1KOE5MNVY,34.28460069,70.34469455,0,Afghanistan,2803.6666666666665,2080.6666666666665,2648.5,2893.3333333333335,3083.5833333333335,3293.75,2972.6666666666665,3313.0833333333335,3355.5
1217,ID_9DDRJ28SCN8I,34.28223837,70.34937022,1,Afghanistan,1978.9166666666667,1546.25,1821.0833333333333,1659.9166666666667,2282.1666666666665,4013.4166666666665,4221.5,4162.916666666667,2223.0
1220,ID_FNR6KP30SSHQ,34.1202937,70.75627206,0,Afghanistan,1009.8333333333334,1388.3333333333333,1918.5,2253.1666666666665,2636.0,2894.6666666666665,2848.3333333333335,3014.3333333333335,3284.6666666666665
1221,ID_DJBWQ4GFXQRA,34.05435658,70.66970533,0,Afghanistan,3695.0,2991.0,3096.3333333333335,3079.1666666666665,3364.8333333333335,3656.6666666666665,3487.5,3672.6666666666665,3162.3333333333335
1222,ID_N60AFC1QQR31,34.30574085,70.40527078,0,Afghanistan,2203.25,2368.8333333333335,2682.0833333333335,2761.9166666666665,3096.3333333333335,3439.75,3425.1666666666665,3468.4166666666665,3240.75
1225,ID_W5CMM6P4RXDV,34.096775,70.69216198,1,Afghanistan,3008.6666666666665,2759.1666666666665,2685.5,2310.1666666666665,2861.1666666666665,4854.666666666667,5372.0,4830.833333333333,1398.5
1229,ID_PE4B20QK0ZDP,34.30124345,70.37382579,1,Afghanistan,1428.8333333333333,1295.75,1518.0833333333333,1411.0833333333333,2035.1666666666667,3645.5833333333335,3778.3333333333335,3780.0,1728.9166666666667
1235,ID_2VXU4NBD5TWX,34.25716891,70.34353523,0,Afghanistan,2508.5833333333335,2800.8333333333335,2868.1666666666665,2828.1666666666665,3057.5833333333335,3189.5,3258.25,3127.5833333333335,2713.0
1236,ID_8EBFZ5WAZWH4,34.29131609,70.37576594,1,Afghanistan,1623.9166666666667,1959.0,2183.6666666666665,2353.1666666666665,2713.1666666666665,3265.0,3173.3333333333335,3306.0833333333335,2549.8333333333335
1240,ID_G5JNGDA7O1X9,34.09853641,70.69411261,0,Afghanistan,2908.6666666666665,2752.3333333333335,2727.1666666666665,2363.5,2952.0,4606.166666666667,4614.833333333333,4646.5,1556.5
1244,ID_H9FHLS4F3BDR,34.25840361,70.33316973,0,Afghanistan,2650.0833333333335,2676.5833333333335,2862.5,3001.1666666666665,3266.0833333333335,3276.25,3220.3333333333335,3251.8333333333335,2943.8333333333335
1245,ID_SQ16V9FN8K3J,34.09529551,70.68986869,0,Afghanistan,3678.3333333333335,3869.1666666666665,3993.0,4003.3333333333335,4295.333333333333,4459.333333333333,4439.833333333333,4389.666666666667,3030.0
1247,ID_VHUD37O4H0AH,34.07773888,70.69737133,0,Afghanistan,3772.8333333333335,3660.8333333333335,3670.3333333333335,3544.3333333333335,3888.0,4394.833333333333,4552.333333333333,4366.166666666667,2491.6666666666665
1248,ID_Y7RGGURS18JG,34.26151147,70.33307128,1,Afghanistan,1797.3333333333333,1847.6666666666667,1681.6666666666667,1451.1666666666667,1772.8333333333333,3694.4166666666665,3753.3333333333335,3815.1666666666665,1285.3333333333333
1252,ID_OCP63SCASDU0,34.28329143,70.39827916,1,Afghanistan,1434.9166666666667,1050.0833333333333,1330.4166666666667,1436.75,2047.4166666666667,3204.6666666666665,3377.25,3282.9166666666665,2380.8333333333335
1260,ID_PN82JVHEA463,34.28576879,70.35203122,0,Afghanistan,2132.75,2619.6666666666665,2934.3333333333335,3123.8333333333335,3378.8333333333335,3632.0833333333335,3608.3333333333335,3629.8333333333335,3184.0833333333335
1262,ID_K6EN56EVULXA,34.29998779,70.37450279,1,Afghanistan,1070.75,1163.8333333333333,1337.8333333333333,1165.0,1643.0833333333333,3930.8333333333335,3916.8333333333335,4045.9166666666665,1443.5
1263,ID_VXLGHFTZVGGP,34.30631549,70.40148393,1,Afghanistan,1176.4166666666667,1141.5833333333333,1509.9166666666667,1359.0833333333333,1834.8333333333333,3611.3333333333335,4064.0,3747.0,1772.8333333333333
1266,ID_UYXD1W3SZMFL,34.28855396,70.41932122,1,Afghanistan,1198.5833333333333,1676.6666666666667,2115.3333333333335,2317.4166666666665,2586.5,3024.6666666666665,3016.1666666666665,3081.5,2939.8333333333335
1267,ID_48FJ3ZQDB723,34.29722264,70.40798036,1,Afghanistan,1909.25,2439.9166666666665,2873.4166666666665,3121.5833333333335,3198.0,3544.1666666666665,3595.8333333333335,3524.3333333333335,3135.4166666666665
1268,ID_EEJCD0N1H5YI,34.12677047,70.68859448,1,Afghanistan,414.3333333333333,378.6666666666667,786.5,938.1666666666666,1609.6666666666667,2682.6666666666665,2704.8333333333335,2827.0,2063.3333333333335
1275,ID_CGO5IEPIBIU4,34.26860635,70.34605236,1,Afghanistan,2123.4166666666665,1886.1666666666667,1951.75,2064.9166666666665,2294.8333333333335,3011.5,2811.75,3097.6666666666665,2041.5833333333333
1276,ID_XN5C0B9TYSN8,34.29490824,70.42481443,0,Afghanistan,2270.0833333333335,2617.1666666666665,3012.3333333333335,3182.8333333333335,3210.4166666666665,3253.4166666666665,3339.0,3236.8333333333335,3478.8333333333335
1277,ID_1KY0SWDI6PIV,34.30223492,70.37214306,0,Afghanistan,2323.5,2192.6666666666665,2466.9166666666665,2662.6666666666665,2902.6666666666665,3030.5,2984.75,3025.0,2956.25
1281,ID_HW0DS3OVVA2Y,34.31325318,70.38869315,1,Afghanistan,1373.1666666666667,1117.25,1424.5,1412.6666666666667,2089.8333333333335,3541.3333333333335,3533.75,3648.6666666666665,1926.75
1282,ID_FBEOSIBKNWAX,34.09452143,70.69565599,0,Afghanistan,3773.0,3571.6666666666665,3607.6666666666665,3626.6666666666665,3889.3333333333335,3912.8333333333335,3860.1666666666665,3838.0,2840.0
1284,ID_80DDZWSTUGVR,34.30954976,70.39995192,1,Afghanistan,979.0,976.9166666666666,1205.0,1212.0833333333333,1872.4166666666667,3367.6666666666665,3412.0833333333335,3595.0,1546.0
1286,ID_K16LMXISDLV9,34.11500136,70.76013447,0,Afghanistan,256.1666666666667,790.3333333333334,1249.6666666666667,1320.8333333333333,1559.5,3428.6666666666665,3327.3333333333335,3576.1666666666665,1908.0
1292,ID_GVODMSNR262R,34.30780915,70.36794058,1,Afghanistan,2348.1666666666665,2454.6666666666665,2727.4166666666665,2812.0,3248.3333333333335,3510.75,3370.6666666666665,3481.0,3121.75
1301,ID_9XEBJCBRRQHB,34.11878687,70.68671499,1,Afghanistan,634.3333333333334,821.1666666666666,1251.1666666666667,1479.0,1994.6666666666667,2511.1666666666665,2517.3333333333335,2575.3333333333335,2585.1666666666665
1302,ID_77K4R6C3BZ72,34.29666487,70.41118035,0,Afghanistan,2412.0833333333335,2864.1666666666665,3283.3333333333335,3555.9166666666665,3573.0833333333335,3605.25,3695.6666666666665,3541.3333333333335,3475.0
1304,ID_PHMAKK7V3OY8,34.13106024,70.7195626,1,Afghanistan,240.0,464.8333333333333,873.5,947.5,1603.6666666666667,3291.8333333333335,3402.0,3490.8333333333335,1712.8333333333333
1305,ID_AKUOJICFLAJK,34.28914312,70.39431405,1,Afghanistan,1474.8333333333333,1546.1666666666667,1822.1666666666667,1767.75,2124.3333333333335,3068.9166666666665,3063.6666666666665,3094.8333333333335,2145.8333333333335
1306,ID_RO1YUXZIFYR9,34.25045811,70.35377734,0,Afghanistan,4553.75,4420.0,4141.083333333333,3870.8333333333335,4031.9166666666665,4088.0833333333335,4128.916666666667,4088.25,3029.6666666666665
1309,ID_XAQYEV2ZN5RH,34.30708486,70.41515569,0,Afghanistan,1489.5833333333333,1180.8333333333333,1546.0833333333333,1544.0,2263.0833333333335,3506.6666666666665,3716.0,3593.8333333333335,2531.25
1311,ID_PLG7QDSYU8HA,34.26095207,70.34399796,1,Afghanistan,1517.25,1661.0,1747.8333333333333,1649.0,1971.4166666666667,3367.6666666666665,3341.6666666666665,3430.9166666666665,1564.4166666666667
1314,ID_I0KWH4KQS4R8,34.28725142,70.34846415,1,Afghanistan,1572.1666666666667,1467.75,1675.0833333333333,1656.1666666666667,2385.25,3635.5833333333335,3789.6666666666665,3710.9166666666665,2165.5
1319,ID_RQOG9MUJJH71,34.09088828,70.69100691,1,Afghanistan,3172.0,2898.6666666666665,2865.0,2485.3333333333335,2965.1666666666665,4866.166666666667,4803.333333333333,4851.833333333333,1373.1666666666667
1323,ID_XWKXFUFU8PYF,34.26537883,70.35150556,0,Afghanistan,3078.3333333333335,2801.4166666666665,2882.75,2894.75,3182.75,3504.9166666666665,3371.8333333333335,3465.9166666666665,2852.6666666666665
1325,ID_LBZ54E55XMTL,34.15745063,70.75990976,0,Afghanistan,774.3333333333334,1273.3333333333333,1825.5,2252.0,2565.3333333333335,3019.1666666666665,3055.5,3159.5,3475.1666666666665
1326,ID_7DIM0GS108XZ,34.23553311,70.30124238,0,Afghanistan,2385.5,3030.3333333333335,3027.6666666666665,2936.1666666666665,2938.1666666666665,3259.8333333333335,3561.1666666666665,3285.6666666666665,2373.5
1327,ID_VZ0Z0WWJVFE2,34.28841442,70.40994779,1,Afghanistan,1649.0,1896.8333333333333,2349.0833333333335,2642.0833333333335,2768.6666666666665,3051.3333333333335,3075.3333333333335,3076.0,3152.9166666666665
1328,ID_3N0M59Q60OSU,34.08259835,70.69018765,1,Afghanistan,3904.1666666666665,4208.666666666667,4284.666666666667,4205.0,4498.0,4838.0,4907.666666666667,4754.333333333333,2835.5
1334,ID_ASZ7T99DV8EV,34.13131784,70.74230659,1,Afghanistan,395.1666666666667,437.0,843.5,884.8333333333334,1428.3333333333333,3385.5,3523.3333333333335,3588.5,1701.1666666666667
1335,ID_BYVTGPQANTR3,34.24043143,70.30520355,1,Afghanistan,2397.0,1708.1666666666667,1709.8333333333333,1485.6666666666667,2054.5,4561.333333333333,4408.666666666667,4617.0,1324.8333333333333
1336,ID_0H6FNFV95OG2,34.11392894,70.75341134,0,Afghanistan,933.5,1844.0,2426.0,2747.3333333333335,2874.5,3292.6666666666665,3373.8333333333335,3402.3333333333335,3181.5
1337,ID_ZKJACEXFLSSJ,34.29820059,70.40089778,1,Afghanistan,1216.3333333333333,1232.0,1617.0,1713.0833333333333,2304.9166666666665,3643.4166666666665,3761.25,3790.5833333333335,2191.5833333333335
1342,ID_9YEI06GPY8EK,34.2921241,70.38355321,1,Afghanistan,1148.1666666666667,1001.9166666666666,1192.8333333333333,1000.3333333333334,1758.0,4377.083333333333,4382.416666666667,4450.75,1725.25
1346,ID_6JY2YSDBIXSS,34.29140534,70.42471675,0,Afghanistan,1984.5833333333333,2303.3333333333335,2754.9166666666665,3074.0833333333335,3344.0,3404.0,3382.8333333333335,3412.0,3565.3333333333335
1347,ID_FT00M9Q97VLR,34.26557255,70.34828835,1,Afghanistan,1622.5833333333333,1438.25,1579.0833333333333,1423.25,1993.9166666666667,3508.1666666666665,3531.8333333333335,3542.0833333333335,1556.75
1350,ID_U3TNSMNOIIJ3,34.13081776,70.71673151,0,Afghanistan,662.3333333333334,1259.0,1618.6666666666667,1904.0,2104.6666666666665,2509.3333333333335,2460.0,2605.3333333333335,2584.8333333333335
1351,ID_B8ITM4MJEZ9A,34.28789505,70.37867828,0,Afghanistan,2815.25,3048.3333333333335,3236.5833333333335,3288.4166666666665,3347.5833333333335,3287.0833333333335,3273.75,3194.3333333333335,3266.0
1352,ID_N2N7919E4372,34.29412337,70.42293973,0,Afghanistan,2246.4166666666665,2594.0,3009.5833333333335,3115.3333333333335,3187.8333333333335,3192.1666666666665,3230.0833333333335,3149.1666666666665,3289.0
1353,ID_88AF5E4JIHUP,34.06519433,70.67074112,0,Afghanistan,3386.1666666666665,4012.6666666666665,3979.3333333333335,3898.6666666666665,4023.6666666666665,3933.0,3954.3333333333335,3813.1666666666665,3098.1666666666665
1355,ID_BGVTISGHQVMU,34.2804868,70.34633903,0,Afghanistan,1829.75,2028.0,2278.6666666666665,2291.1666666666665,2617.0,3130.5833333333335,3112.8333333333335,3161.9166666666665,2593.25
1356,ID_2P25AAS24IJ1,34.23677564,70.30152379,1,Afghanistan,2191.5,1914.3333333333333,2045.5,1698.8333333333333,2271.5,4321.5,4453.166666666667,4270.5,1541.6666666666667
1358,ID_PTE432QB0M72,34.13135841,70.74344191,1,Afghanistan,471.1666666666667,771.0,1232.8333333333333,1285.3333333333333,1773.8333333333333,3211.5,3285.3333333333335,3365.5,2158.5
1365,ID_DYZRIN2H5KAG,34.28674469,70.434284,1,Afghanistan,1380.1666666666667,2437.5833333333335,2929.25,3185.3333333333335,3196.25,3389.5,3526.8333333333335,3325.6666666666665,3198.5
1367,ID_KW17PW9J5TAB,34.07587801,70.69784112,0,Afghanistan,3929.0,3911.0,3969.3333333333335,3972.1666666666665,4137.5,4028.6666666666665,4129.333333333333,3893.3333333333335,2960.0
1368,ID_2KTYDGD6P5BW,34.10534786,70.68949898,0,Afghanistan,2831.3333333333335,2756.6666666666665,2975.5,3169.0,3380.1666666666665,3593.6666666666665,3739.5,3607.8333333333335,2925.0
1372,ID_HAOZJ6C5FNB6,34.1676975,70.77255364,1,Afghanistan,744.5,1125.8333333333333,1739.0,2267.1666666666665,2640.8333333333335,3021.1666666666665,3018.6666666666665,3115.0,3304.8333333333335
1373,ID_ERWLWK9D5678,34.11664187,70.75818563,1,Afghanistan,293.6666666666667,332.0,757.3333333333334,836.1666666666666,1436.3333333333333,3443.0,3486.0,3630.1666666666665,1673.0
1379,ID_7XWP45CCFM39,34.05861683,70.6693716,0,Afghanistan,3577.3333333333335,3047.1666666666665,2964.8333333333335,2746.6666666666665,3458.5,4249.166666666667,4346.333333333333,4244.166666666667,2398.8333333333335
1384,ID_F70QZPB0BDGG,34.24883027,70.34964801,0,Afghanistan,4021.6666666666665,4077.75,3899.0833333333335,3404.3333333333335,3609.5833333333335,4814.083333333333,4911.333333333333,4773.416666666667,1865.0
1389,ID_18LR940OWEOE,34.28159194,70.33061916,0,Afghanistan,3327.9166666666665,3459.1666666666665,3662.6666666666665,3832.0,3915.8333333333335,3929.75,3958.0,3893.6666666666665,3752.0833333333335
1397,ID_5NQKJ9WR1RS2,34.08228167,70.68585676,0,Afghanistan,3771.0,3741.0,3629.6666666666665,3349.3333333333335,3851.0,4488.333333333333,4453.5,4422.166666666667,2015.0
1405,ID_9XACA2VNFYJT,34.28478525,70.38409709,0,Afghanistan,1332.25,1314.0,1616.4166666666667,1500.9166666666667,2099.0,3195.75,3460.0,3251.9166666666665,2245.5833333333335
1407,ID_ZU8UD16AKUZM,34.1432088,70.74402995,1,Afghanistan,263.1666666666667,227.83333333333334,669.1666666666666,714.5,1358.1666666666667,3365.3333333333335,3308.8333333333335,3581.8333333333335,1738.8333333333333
1413,ID_UK37JE58V30T,34.28193402,70.33782315,0,Afghanistan,2629.1666666666665,1830.5833333333333,2224.75,1962.4166666666667,2601.75,3615.4166666666665,3882.3333333333335,3691.5,2370.6666666666665
1415,ID_T8WG9TAQHY88,34.1154205,70.6861763,0,Afghanistan,1081.0,1603.3333333333333,2048.8333333333335,2382.0,2688.6666666666665,2889.8333333333335,2890.6666666666665,2928.3333333333335,3178.6666666666665
1416,ID_RS495JE5IBQ7,34.12679541,70.74065018,0,Afghanistan,1198.0,1471.0,2006.5,2444.8333333333335,2660.3333333333335,2854.5,2949.0,2991.1666666666665,3428.0
1417,ID_L3ZXW75QJY8B,34.28757449,70.37347174,0,Afghanistan,2094.1666666666665,2388.8333333333335,2512.5,2639.3333333333335,2809.0,2958.6666666666665,2981.0833333333335,2993.8333333333335,2722.4166666666665
1418,ID_7AYVQQ1PIBEB,34.28169647,70.41175873,1,Afghanistan,1437.3333333333333,1944.75,2404.1666666666665,2631.0833333333335,2952.0,3462.8333333333335,3533.0,3474.4166666666665,3314.5
1420,ID_L2F30CJAPDW4,34.29133978,70.43118706,0,Afghanistan,1828.0,2005.9166666666667,2464.9166666666665,2701.25,3019.0,3109.6666666666665,3010.5,3144.5833333333335,3580.1666666666665
1423,ID_7CUAJ6SSRG1L,34.25124802,70.3250837,1,Afghanistan,1851.4166666666667,2798.25,2382.0833333333335,1907.0833333333333,2058.1666666666665,3839.0833333333335,4490.25,3845.1666666666665,1172.5
1425,ID_V1IWIZG0N2K1,34.0837672,70.69794165,1,Afghanistan,3915.1666666666665,3768.3333333333335,3885.0,3836.1666666666665,4349.5,4891.666666666667,4919.666666666667,4892.666666666667,2656.5
1426,ID_SVGW9URHRJSD,34.28283726,70.40589907,1,Afghanistan,1175.4166666666667,1333.0833333333333,1766.6666666666667,1944.75,2398.0833333333335,3751.4166666666665,3843.6666666666665,3871.1666666666665,2547.9166666666665
1432,ID_99LCIKEFYLHP,34.28516441,70.34342281,0,Afghanistan,2625.1666666666665,2398.5833333333335,2825.5833333333335,2967.5833333333335,3197.5,3289.9166666666665,3348.1666666666665,3345.0833333333335,3369.4166666666665
1434,ID_T0UVAS6BDB8T,34.27553552,70.33853211,1,Afghanistan,2061.4166666666665,1913.3333333333333,2197.6666666666665,2145.0833333333335,2384.9166666666665,3627.0,3712.8333333333335,3749.25,1968.0833333333333
1436,ID_FWJOERR1I1IU,34.29936817,70.41983757,1,Afghanistan,1290.0833333333333,1239.8333333333333,1633.8333333333333,1922.3333333333333,2439.6666666666665,3615.75,3711.6666666666665,3863.5,2423.8333333333335
1437,ID_UIZ65N2T7KHE,34.30361723,70.42551498,1,Afghanistan,1581.8333333333333,2083.8333333333335,2597.1666666666665,2955.0833333333335,3047.6666666666665,3252.5,3367.75,3288.25,3433.5833333333335
1447,ID_GOC5SSK9FRK2,34.24836078,70.35583442,1,Afghanistan,4762.416666666667,4408.0,4283.0,3787.1666666666665,4155.5,4966.833333333333,5073.333333333333,4901.833333333333,2980.5833333333335
1448,ID_2KJSFORYZGCL,34.31072195,70.38436696,0,Afghanistan,2503.1666666666665,2878.0833333333335,3049.4166666666665,3148.1666666666665,3290.0833333333335,3212.75,3136.6666666666665,3143.1666666666665,3182.4166666666665
1454,ID_18DOSENCGPQM,34.28657109,70.39413314,1,Afghanistan,1475.9166666666667,1959.0,2222.8333333333335,2324.5833333333335,2439.4166666666665,3183.5833333333335,3205.5833333333335,3301.25,2367.8333333333335
1455,ID_Z84C1J0TUV72,34.29707896,70.39840352,1,Afghanistan,1873.5,2202.9166666666665,2639.3333333333335,2900.6666666666665,3133.9166666666665,3321.8333333333335,3353.0833333333335,3332.4166666666665,3364.5
1456,ID_5V3VL9Y8JJL6,34.28846121,70.35090171,0,Afghanistan,2739.1666666666665,3026.1666666666665,3457.25,3532.75,3707.9166666666665,3601.0833333333335,3563.8333333333335,3511.25,3235.75
1460,ID_0FJ6IFJZX8KF,34.3034142,70.38485061,1,Afghanistan,934.4166666666666,898.8333333333334,1141.5,920.25,1526.25,4206.0,4357.916666666667,4331.333333333333,1244.3333333333333
1462,ID_D4G2IJ8NUA89,34.30064177,70.37924097,1,Afghanistan,969.75,922.0,1102.0,935.3333333333334,1561.75,3800.6666666666665,4092.6666666666665,4004.8333333333335,1453.25
1467,ID_0A5OTDK51WVN,34.28434548,70.33253432,0,Afghanistan,3200.9166666666665,3191.0833333333335,3277.75,3553.0,3698.1666666666665,3746.8333333333335,3771.5,3718.6666666666665,3726.9166666666665
1469,ID_H3YLMHBNFQEA,34.28224292,70.35411564,1,Afghanistan,1737.3333333333333,1808.3333333333333,1704.0833333333333,1591.0,2260.4166666666665,3463.5833333333335,4019.5833333333335,3609.3333333333335,1861.5
1478,ID_DDA69GI9ZA7X,34.30974432,70.38387406,0,Afghanistan,2717.5833333333335,2901.9166666666665,3137.75,3258.3333333333335,3383.1666666666665,3323.25,3282.75,3260.9166666666665,3272.1666666666665
1481,ID_W46F2B2MHMI0,34.28994706,70.33605886,1,Afghanistan,1896.1666666666667,2403.5,2452.8333333333335,2599.5,2982.3333333333335,3577.3333333333335,3868.9166666666665,3633.9166666666665,2554.8333333333335
1484,ID_VHFPX8RI14MB,34.29353948,70.41096629,0,Afghanistan,2253.75,2476.6666666666665,2810.8333333333335,2945.5833333333335,3029.9166666666665,3027.75,3049.8333333333335,2999.5833333333335,3134.25
1486,ID_HF7RUGDKWM4H,34.23622298,70.31320052,0,Afghanistan,4207.833333333333,4423.333333333333,4314.333333333333,3997.8333333333335,3982.8333333333335,4778.333333333333,4515.333333333333,4619.333333333333,2620.5
1487,ID_Y1SCK7Q9PMQ9,34.07542016,70.70855808,1,Afghanistan,2769.6666666666665,2325.3333333333335,2227.5,1962.0,2431.1666666666665,3914.0,3937.5,3999.0,1255.8333333333333
1489,ID_6BKX812TM633,34.1188121,70.68281708,1,Afghanistan,133.83333333333334,31.166666666666668,264.1666666666667,171.66666666666666,653.3333333333334,2980.8333333333335,3289.1666666666665,3093.3333333333335,1053.0
1493,ID_LODST8KEVHK5,34.16140978,70.75681113,0,Afghanistan,1114.0,1142.6666666666667,1562.1666666666667,1880.0,2665.5,3040.6666666666665,2867.6666666666665,3140.5,3227.5
1494,ID_VD5FLFXSF3V4,34.25413235,70.34210586,0,Afghanistan,1813.75,1421.0833333333333,1518.0,1351.0,2069.0,3316.1666666666665,3709.5,3467.0,1946.25
1495,ID_T3WAJGS3B84X,34.29270196,70.40457807,0,Afghanistan,1973.8333333333333,2515.6666666666665,2930.5833333333335,3151.0833333333335,3249.5,3305.5833333333335,3369.9166666666665,3294.5833333333335,3361.4166666666665
